song,artist,20241105,20241029,20241022,20241015,20241008,20241001,20240924,20240917,20240910,20240903,20240827,20240823,20240820,20240813,20240806,20240730,20240723,20240716,20240709,20240702,20240625,20240618,20240616,20240611,20240604,20240521,20240519,20240514,20240507,20240430,20240416,20240414,20240409,20240402,20240325,20240319,20240312,20240310,20240305,20240227,20240220,20240213,20240206,20240204,20240130,20240123,20240116,20240109,20240102,20231219,20231212,20231210,20231205,20231128,20231121,20231114,20231107,20231031,20231024,20231017,20231010,20231003,20230926,20230919,20230912,20230905,20230829,20230822,20230815,20230808,20230801,20230725,20230718,20230711,20230704,20230627,20230620,20230613,20230606,20230530,20230523,20230516,20230509,20230502,20230425,20230418,20230411,20230404,20230328,20230321,20230314,20230307,20230228,20230221,20230214,20230207,20230131,20230124,20230117,20230110,20230103,20221227,20221220,20221213,20221206,20221129,20221122,20221115,20221108,20221101,20221025,20221018,20221011,20221004,20220927,20220920,20220913,20220906,20220830,20220823,20220419
(Don't Fear) The Reaper (Single Version),Blue Öyster Cult,,23,24,18,,,,,,,,,,,,,,,,,,,,,,,,,,,,,,,,,,,,,,,,,,,,,,,,,,,,,,,,,,,,,,,,,,,,,,,,,,,,,,,,,,,,,,,,,,,,,,,,,,,,,,,,,,,,,,,,,,,,,
(You're the) Devil in Disguise,Elvis Presley,,,3,25,,,,,,,,,,,,,,,,,,,,,,,,,,,,,,,,,,,,,,,,,,,,,,,,,,,,,,21,,,,,,,,,,,,,,,,,,,,,,,,,,,,,,,,,,,,,,,,,,,,,,,,,,,,13,14,,,,,,,,,,
9 to 5,Dolly Parton,,,,,,,,,,,,,,,,,,9,13,,7,,,,15,,,,,,,,,,,,25,,,,,,12,,,,,11,,,,,,,,,,,,,21,,,,,,12,,,,,,,,19,,,20,,11,,,13,15,,,,7,6,,,,8,,,18,,,,,,,13.5,,,,,,14.5,,14,13.5,,,,,,,13,,
99 Luftballons,Nena,7,,7,,,6,,,,,,,,,,14,13,6,5,,,12,,13,,24,10,18,,,19,,,8,,12,,,,,12,,,,,,,12,11,16,,,,,,,5,,8,13,,,,,,,,,,,,,25,16,,,,,17,,,,,,,,23,,,,,17,,,,,,,,,,,,,,,,,,,,,,,,,,,,,
A Ghost,Travis,,,,,,,,,,,,,,,,,,,,,,,,,,,,,,,,,,,,,,,,,,,,,,,,,,,,,,,,,,4,,,,,,,,,,,,,,,,,,,,,,,,,,,,,,,,,,,,,,,,,,,,,,,,,,,,13,,,,,,,,,,,
A Horse With No Name,America,,,,,,,,,,,,,,,,,,,,16,,,,,,,,,,,,,,,,,,,,,,,,,,,,,,,,,,,,,,,,,,,,,,,,,,,,,,,16,,,,,,,,,,,,,,,,,,,,,,,,,,,,,,,,,,,,,,,,,,,,,,
A Little Respect,Erasure,,,,,,,,,,,,,,,,,,,,,,,,,,,,,,,,,,,,,,,,,,,,,,,,,,,,,,,,,,,,,,,,,,,,,,,,,,,,6,,,,,,,,,,,,,,,,,,,,,,,,,,,,,,,,,,,,,,,,,,,,,
A Million Dreams,Ziv Zaifman/Hugh Jackman/Michelle Williams,,,,,,,,,,,,,,,,,,,,,,,,,,,,,,,,,,,,,,,,,,,,,,,,,,,,,,,,,,,,,,,,,,,,,,,,,,,,,,,,,,,,,,,,,,,,,,,,,,,,,,,,,,,,,,,,,,,,,,,,,
Accidentally in Love,Counting Crows,,,,,,,,,,23,,,,,22,,25,10,,,,,15,18,,,,6,,,,,,17,,22,,1,1,,,4,,21,,,,2,,,,,,,,5,,,,,,15,,,,,,,,,,,,1,,,,22,,,,,,,,4,1,,,,,,,,,,,,14.5,,,,,,,14.5,,,,,,,,,,,17,,13,,
All I Wanna Do,Sheryl Crow,,,,,,,,,,,,,,,,,,,,,,,,,,,,,,,,,,,,,,,,,,,,,,,,,,,,,,,,,,,,,,,,,,,,,,,,,,,,,,,,,,,,,,,,,,,,,,,,,,,,,,,,,,,,,,,,,,,,,,,,,
All I Want For Christmas Is You,Mariah Carey,,,,,,,,,,,,,,,,,,,,,,,,,,,,,,,,,,,,,,,,,,,,,,,,,,31,15,,17,,,,,,,,,,,,,,,,,,,,,,,,,,,,,,,,,,,,,,,,,,,,,,,,,,13.5,14.5,13,,,,,,,,,,,,,,,,
All Star,Smash Mouth,,,,,,,,,,,,,,,,,,,,,,,,,,,,,,,,,,,,,,,,,,,,,,,,,,,,,,,,,,,,,,,,,,14,,,,,,,,,,,,,,,,,,,,,,,,,,,,,,,,,,,,,,,,,,,,,,,,,,,,,,,
All The Small Things,Blink-182,3,,11,,2,,,1,12,,1,3,22,3,13,,,,,20,,1,13,,,,9,,12,1,26,,10,,,,,3,,,,,,15,2,4,1,,2,,,2,1,,,,,,3,,18,,2,,,20,,,1,,26,,,28,3,,,14,5,1,8,1,2,1,1,6,28,1,2,16,13.5,,2,,1,4,14,14,14.5,8,15.5,14,13.5,14.5,,,,14.5,14.5,,14,,14.5,13.5,,,,,,14,15
All These Things That I've Done,The Killers,,,,,6,,,10,,,,,,,,,,,,,,,,,,,,,,17,,,,,15,,,,,,,,,,,,25,,,,,,,,,,,,,,19,,,,,,,,,,,,,,,,,17,,,,,,,22,,,,,,,,,,,,,,,19,,,,,,,,,,,,,,,14,,,,,14,
Alright,Supergrass,,,,,,,,,,,,,,,,,,,,,,,4,,,,,,,,,,,3,,,,,,,,,,,19,,,,,,,,,,,,,,,,,,,,4,,,,,,,,,,,,,,,,,,,28,,,,,9,19,13.5,,,,,,,,,3,,,13.5,,,,,,,,,,,,,,,,,14,
Always Look on the Bright Side of Life,Monty Python,,,,,,,,,,,,,,,,,,,,,,,,,,,,,,,,,,,,,,,,,,,,,,,,,,,,,,,,,,,,,,,,,,,,,,10,,,,,,,,,,,,,,,,5,,,,,,,,,,,,14,,,,,,,,,,,,,,13.5,,,,,17,,,,
Angels,Robbie Williams,,,,,,,,,,,,,,,,,11,,,,,,,,,,,,,26,,,,,,,,12,,16,,,,,,,,,,,,,,,,11,,,,,,,,,,,20,7,,,,12,,,,,,,,,,,,,10,,,,,,,,,,,,,,,,,14,,,13,,,,,,,,14.5,,,,,,,,
Anyone Else But You,The Moldy Peaches,,,,,1,,,,,,,,,,,,,,,,2,,,,,,,,,,,1,,,,3,,21,,7,,,,,,,,,,,,,,,,,2,,,,,,,,,2,,,,,,,,,,18,,,,,1,,,,,,,,,,,,,14.5,2,,,,,,,14,,,,14.5,,,,,,,,,,,17,,,14,
Baby One More Time,Britney Spears,,,,,,20,7,,17,9,,,,6,,,,,25,,,,,,,,,,,,,,,21,,,24,,5,,,,,,,14,18,10,,8,,,,,,,,,18,,,,,,,,,16,13,,10,21,22,,,,,,,,,,,,,,,,,,13.5,,,,,,,,,,,,,,,,,,,,,13.5,14.5,,,,,,,,
Back for Good,Take That,,,,,,,,,,,,,,,,,,,,,,,,,,,,,,,,,,,,,,,,,,5,,,,,,,,,,,,,,,,,,,,,,,16,,,,,,,,,,,,,,,,,,,,,,,,,,,,,,,,,,,,,,,,,,15,,,,,,,,,,17,,,,15
Bad Moon Rising,Creedence Clearwater Revival,,1,,11,,,,,1,,,1,,1,,1,,3,,3,,,1,,,,11,,2,,,2,,1,,,,5,,,14,,,,,,,,10,,,1,6,,,,,,1,,,4,,,1,,24,2,2,8,,1,10,,,,,19,,4,,,,,2,1,,,,,,,1,,,,14,,,9,15.5,,13.5,14.5,,,,14.5,,,,13.5,14.5,,,15,17,16,13,,
Basket Case,Green Day,,,,,,,,,,,,,8,,,20,15,,,,,,,8,,,,,10,,,,,,,,,,,,,,9,,,,,,,,,,,,17,,,,,12,,,,,,,,,,,,,,,17,21,20,,,28,,,24,,,,,,,,,,,14.5,,,,,,,,,,,,,,,,,,,,,,,,,,,
Bella Ciao,Fonola Band,,,,,,,,,,,,,,,,,,,,,,,,,,16,16,10,,,,,,,,,,,,,,,,,,,,,,,,,,,,,,,,,,,,,,,,,,,,,,,,,,,,,,,,,,,,,,,,,,,,,,,,,,,,,,,,,,,,,,,,,,,,,
Beverly Hills,Weezer,,,,,,,,,,,,,,,,,,,,,,,,,,,,,,,,,,,,,,,,,,,,,,,,,,,,,,,,,,,,,,,,,,,,,,,,,,,,,,,,,,,,,,,,,,,,,,,,,,,,,,,,,,,,,,,,,,,,,,,,,
Big Yellow Taxi,Joni Mitchell,,,,,,,,,,,,,,,,,16,,,,,20,,,,,,19,16,,,,,,,,,,,,,,,,,,,,,,,,,,,,,,,,,,,,,,,,,,,,,,,,,,,,,,,,,,,,,,,,,,,,,,,,,,,,,,,,,,,,,,,,,,,,
Bitch,Meredith Brooks,,,,,,,,,,,,,,,,,,,,,,,,,,,,,,,,,,,,,,,,,,,,,,,,,,,,,,,,,,,,,,,,,,,,,,,,,,,,,,,,,,,,,,,,,,,,,,,,,,,,,,,,,,,,,,,,,,,,,,,,,
Black Horse And The Cherry Tree,KT Tunstall,,,,,,,,,,,,,,,,,,,,,,,,,,,,,,,,,,,,,,,,,,,,,,,,,,,,,,,,,,,,,,,,,,,,,,,,,,,,,,,,,,,,,,,,,,,,,,,,,,,,,,,,,,,,,,,,,,,,,,,,,
Blitzkrieg Bop,Ramones,,,,,12,,,17,,,,,,,,,3,,,,,,20,,,,,,5,23,,,,,,,,,7,13,,,,14,,,,,,,7,,20,4,,,,,,,,,,,,,,,,5,,,,,5,,,,,,,,,,13,14,,,3,,,,4,14.5,,,,,14.5,,15.5,,,,,,,,,,,,,13.5,14,,17,16,13,14,
Blue Suede Shoes,Elvis Presley,,,,,,,12,,,,3,,,,,7,,,,14,,,,,,,,2,,,,,,,5,,,,,,,,,,,,,,,,,,,,,,24,,,,,,,,,,,,,,,,,,2,,,,,13,,,,,,,,17,,,13.5,,,14.5,,,,14,,,,14,,,13,,,14.5,,,,,,13.5,,15,17,,,,15
Bohemian Like You,The Dandy Warhols,,,,,,11,,,,,,,,,,,,,,,,,,,,,,,,,,,,,,8,,,,,,,,,,,,,,,22,,,,12,,,,,,,,,,,,,,,,,,,,,,,,,,,,,,,,,6,,5,,,,,,,14,,,,,,13.5,,,,,,,,,13.5,14.5,,,,17,16,,,
Bongo Bong / Je ne t'aime plus,Manu Chao,,,,,,,,,,,,,,,,,,,,,,,,,,,,,,,,,,,,,,,,,,,,,,,,,,,,,,,,,,,,,,,,,,,,,,,,,,,,,,,,,,,,,,,,,,,,,,,,,,,,,,,,,,,,,,,,,,,,,,,,,
"Boom, Boom, Boom, Boom!!",Vengaboys,,,,,,,,,,,,,,,,,,,,,,,,,,,,,,,,,,,,,,,,,,6,,,,,,,,,,,,,,,,,,,,,,,,,,,,,,,,,,,,,,,,,,,,,,,,,,,,,23,,,,,,,,,,,,,,,,,,,,,,,,,,
Boris The Spider,The Who,,19,13,,15,19,,,,,,,,,,,,,,,,,,,,,,,,,,,,,,,,,,,,,,,,,,,,,,,,,,,,15,22,,,,,,,,,,,,,,,,,,,,,,,,,,,,,,,,,,,,,,,,,,,,,,,,,,,13,,,,,,,,,,,
Born in the U.S.A.,Bruce Springsteen,,,,,,16,,,,,,,,,,,,,,17,,,,,,,,,,,,,,,,,,,,,,,,,,,,,,,,,,,,,,,,,,,,,,,,,,,,,,,15,,,,,,,,,,,,,,,,,,,,,,,,,,,,,,,,,,,,,,,,,,,,,,
Born to be Wild,Steppenwolf,,,,,,,,,,,,14,,,,,,,,,,,,,,,,,,,,,,9,,,,,4,,,,,,,,,,,,,,,,,,26,,,,15,,,8,,4,,,,,,,,,,,,,,,3,,,5,,,8,,1,13,,,19,14.5,,,,,14.5,,15.5,,,14.5,,,,,14.5,,,,,13.5,14,,17,,,14,
Brown Eyed Girl,Van Morrison,,,,,,,,,,,,,,,,,,,,,,,,,,,,,,,,,,,,,,,,,,,,,,,,,,,,,,,,,,,,,,,,,,,,,,,,,,,,,,,,,,,,,,,,,,,,,,,,,,,,,,,,,,,,,,,,,,,,,,,,,
Build Me Up Buttercup,The Foundations,,,,,,,,,,,,4,,,,,,,,,,,,,,,21,,,,,,,,,,,,,,8,7,,,,,,,16,,,,,,,,,,,,,,,,7,,6,6,11,,,,,,,,,,,,,,,,,,25,,,,,,,,,,14,,,,15.5,,,,,,,14.5,14.5,,,,,,,,17,16,,,
Burn The Witch,Queens Of The Stone Age,,,,,,,,,,,,,,,,,,,,,,,,,,,,,,,,,,,,,,,,,,,,,,,,,,,,,,,,,,11,,,,,,,,,,,,,,,,,,,,,,,,,,,,,,,,,,,,,,,,,,,,,,,,,,,,,,,,,,,,,,,
C'est la Vie,B*Witched,,,,,,24,,,,,,,17,,,,,,,,,,,,,,,,,,,,,,,25,,,,,,,,,,,,,,,,,,,,,,,,,22,,,,2,,,,,,,6,,,,,,,,21,,,,,,,,,,,13.5,,,,,,,,,,,,,,,,,,,,,,,,,,,,,,
Californication,Red Hot Chilli Peppers,,,,,,,,,,,,,,,,,,,,24,,,,,,,,,,,,,,,,,,,,,,,,,,,,,,,,,,,,,,,,,,,,,,,,,,,,,,,,,,,,,,,,,,,,,,,,,,,,,,,,,,,,,,,,,,,,,,,,,,,,,
Call Me,Blondie,,,,,,,,,,,,,,,,21,,,15,,,22,,,,,,,,,,,17,,,,,,,,,,10,,,,14,27,26,,,,,,16,15,,,,,,,,,,,,,,,,,,,,,,,,,,,,,,,,,,,,,,,,,,,,,,,,,,,,,,,,,,,,,,,,,
Call Me Maybe,Carly Rae Jepsen,,,,,,,,,,,,,,,,,,,,,6,,,,,,,,,,,,,,,,,,,,,,,,,,,,,,,,,,,,,,,,,,,,,,,,,,,,,,,,,,,,,,,,,,,,,,,,,,,,,,,,,,,,,,,,,,,,,,,,,,,,
Can't Get You out of My Head,Kylie Minogue,,,,17,,,,,,,5,,,,,,6,,,,,,,,,,,,,,,,,12,,,,,,,,,,,,,,,,,,,,19,,,,,,,,,,,,,,,,,,,,,,3,,,11,,,,8,8,,9,,14,,6,,12,,,,,,,,,,,,,,,,,,,,,,,,,,,,,
Candy,Paolo Nutini,,2,,,,4,10,,,,,,14,,16,,,21,,,,8,,,23,18,,,,,,,,,,,,,10,,5,9,1,19,,7,,,,,,,,,,,23,,,4,,,,,,,,,,7,13,,,,12,,,13,,,,,,20,15,,,4,,,,,,,4,,,,,18,,,,,,,15,,14.5,13,,,,,14,15,,,,14,
Chasing Cars,Snow Patrol,,,,6,,,,3,,25,,23,,,,,,,1,,,,3,,,17,5,,,5,23,3,13,4,,1,,,2,,,,,,8,,,15,,,,6,,,8,,,,,,5,,8,10,,6,,,,,15,,14,,,,,,,,,,27,7,,7,,26,,,13.5,,17,14.5,3,7,14,,,,,,,,,14.5,,,,,,13.5,,,,,,,,,15
Cheap Thrills,Sia,26,,,5,19,,,4,,,,,,,,6,4,,,,,,,6,,6,4,4,4,,,,5,19,21,,2,,,,,,,,,,,,9,,,,,12,,,10,,,,20,,23,20,,,,,,,,,,,,,21,,,,,,,,,,,,,,,,,,,,,,,,,,,,,,,,,,,,,,,,,,,,
Christmas (Baby Please Come Home),U2,,,,,,,,,,,,,,,,,,,,,,,,,,,,,,,,,,,,,,,,,,,,,,,,,,,,,,,,,,,,,,,,,,,,,,,,,,,,,,,,,,,,,,,,,,,,,,,,,,,,,,,,,,,,,,,,,,,,,,,,,
Christmas In Las Vegas,Richard Cheese,,,,,,,,,,,,,,,,,,,,,,,,,,,,,,,,,,,,,,,,,,,,,,,,,,7,,,,,,,,,,,,,,,,,,,,,,,,,,,,,,,,,,,,,,,,,,,,,,,,,,,,,,,13,,,,,,,,,,,,,,,,
Complicated,Avril Lavigne,,,,,,,,,,12,,,,,24,17,,,2,,,5,,,,,,,14,,,,,,,18,,,,15,,,,,,,,,17,,23,,,5,15,,,,,,17,,,,21,,,,8,,12,14,24,21,,,,,20,,,12,,,,,,,,,,4,,14.5,,,,,14.5,,,,,,,,,,,,,13.5,14.5,,,,,,13,,15
"Comptine d'un autre été, l'après-midi",Yann Tiersen,,,,,,,,,,,,,,,,,,18,,,,,,,,,,,,,,,,,,,,,,,,,,,,,,,,,,,,,,,,,,,,,,,,,,,,,,,,,,,,,,,,,,,,,,,,,,,,,,,,,,,,,,,,,,,,,,,,,,,,,,,
Crazy World,Aslan,,,,,,,,,,,,16,,,,,,,,,,,,,,19,,,,12,,,,,,26,,,,3,,,,9,10,,,,,,,,,,19,,8,,,,,,,11,,,5,,,,,,,19,4,,,15,,,,,,,,,,,,,,,,,,,,,,,,,,,,,,,,,,,,,,,,,,,
Creep,Radiohead,,12,,,4,,8,,,3,,26,,8,21,,,5,,,,10,,4,4,12,3,13,6,,,,,,7,5,,,17,1,19,,23,,,,15,21,22,14,,18,,25,9,,,9,17,,,16,19,,23,,,12,22,,4,,23,5,23,,,21,7,14,7,,,,20,,20,28,,,,,20,14.5,5,,14,14,,,15.5,14,,,13,,,,,13,14,13.5,,,,,,,,,
Crocodile Rock,Elton John,,,,,,,,,,,,,,,,,,,,,8,,,,,,,,,,,,,,,,,,,,,,,,,,,,,,,,,,,,,,,,,,,,,,,,,,,,,,,9,17,,,,,,,,,,,,,,,,,,,,,,,,,,,,,,,,,,,,,,,,,,,,
Cruel Summer,Taylor Swift,,,,,,,,,,,,,,,,,,,,25,,,,,,,,,,,,,,,,,,,,,,,,,,,,,,,,,,,,,,,,,,,,,,,,,,,,,,,,,,,,,,,,,,,,,,,,,,,,,,,,,,,,,,,,,,,,,,,,,,,,,
Crush,Jennifer Paige,,,,,,,,,,,,,,,,,,,,,,,,,,,,,,,,,,,,,,,,,,,,,,,,,,,,,,,,,,,,,,,,,,,,,,,,,,,,,,,,,,,,,,,,,,,,,,,,,,,,,,,,,,,,,,,,,,,,,,,,,
Danger! High Voltage (Soulchild radio mix),Electric 6,,,,,,,,,,,,,,,,,,,,,,,,,,,,,,,,,,,,,,,,,,,,,,,,,,,,,,,,,,,,,,,,,,,,,,,,,,,,,,,,,,,,,,,,,,,,,,,,,,,,,,,,,,,,,,,,,,,,,,,,,
Dearg Doom,Horslips,,,,,,,,,,,,,,,,,,,,,,,,,,,,,,,,,,,,,,,,,,,,,,,,,,,,,,,,,,,,,,,,,,,,,,,,,,,,,,,,,,,,,,,,,,,,,,,,,,,,,,,,,,,,,,,,,,,,,,,,,
Demons,Imagine Dragons,,,,,,,,,,,,,,,,,,,,,,,,,,,,,,,,,,,,,,,,,,,,,,,,,,,,,,,,,,16,25,,,,,,,,,,,,,,,,,,,,,,,,,,,,,,,,,,,,,,,,,,,,,,,,,,,13,,,,,,,,,,,
Dirty Old Town,The Pogues,,,,,,,,6,22,,,,23,,,,20,22,,,,15,21,17,,,,16,,13,,,9,,,9,,,22,9,3,21,16,,15,10,5,,8,27,,,13,,7,14,,,,17,8,28,,,,,,,12,1,,,,,18,,,,,,,,,23,25,,,22,,,13.5,,3,,,,14,14,,11,,,13.5,14.5,,,,14.5,14.5,,14,,14.5,,14,,,,,,15
Do They Know It's Christmas?,Band Aid,,,,,,,,,,,,,,,,,,,,,,,,,,,,,,,,,,,,,,,,,,,,,,,,,,22,,,,,,,,,,,,,,,,,,,,,,,,,,,,,,,,,,,,,,,,,,,,,,,,,,,,,,14.5,,,,,,,,,,,,,,,,,
Dog Days Are Over,Florence + The Machine,,,15,,11,,,,,,26,,,,8,13,1,15,,,,7,,16,,10,24,5,9,,12,4,8,2,,,17,,,,,,13,,,,3,,20,,,4,,27,23,20,,,,18,9,2,18,,,,,,,,,,,,,,,,,,,,,,,,,,,,,,,,,,,,,,,,,,,,,,,,,,,,,,,,,,
Don't Be a Dick at Christmas,Seán Carabini,,,,,,,,,,,,,,,,,,,,,,,,,,,,,,,,,,,,,,,,,,,,,,,,,,32,29,,27,,,,,,,,,,,,,,,,,,,,,,,,,,,,,,,,,,,,,,,,,,,,,,,,,,,14.5,13,,,,,,,,,,,,,,,,
Don't Speak,No Doubt,,,,,,,,,,,,,,,,,,,,,,,,,,,,,,,,,,,,,,,,,,,,,,,,,,,,,,,,,,,,,,,,,,,,,,,,,,,,,,,,,,,,,,,,,,,,,,,,,,,,,,,,,,,,,,,,,,,,,,,,,
Don't Stop Me Now,Queen,,,,16,,,,25,,,,,,17,,,21,,7,,15,,,,20,,,,13,,,,,,,,,,,,,,8,,,,9,,,,,,,18,,,,,12,,,,,,,,,11,10,9,5,5,12,,,14,,,10,,24,,,,,,,10,,,,,,,,,14,,,12,,,,,13,,,,,,,13.5,,13.5,,,17,16,13,,
Don't Worry Be Happy,Bobby McFerrin,,,,,,,,,,,,,,,,,,,,,,,,,,,,,,,,,,,,,,,,,,,,,,,,,,,,,,,,,,,,,,,,,,,,,,,,,,,,,,,,,,,,,,,,,,,,,,,,,,,,,,,,,,,,,,,,,,,,,,,,,
Don't You (Forget About Me),Simple Minds,,,,,,,,,,27,,,,,,,,,,,,,,,,,,,,,,,,20,,,,,,,,,,,,,,,,,,,,15,,,,,,,26,,,,,19,,,,28,,,28,,,,,27,30,,20,,,,27,,,,,30,13.5,,28,14.5,25,,14,14,14.5,28,15.5,,,14.5,13,14.5,,14.5,14.5,,,,,,,15,,16,,,15
Don't You Want Me,The Human League,,,,,,,,,,,,,,,,,,,,,,,,,,,,,,,,,,,,,,,,,,,,,,,,,,,,,,,,,,,,,,,,,,,,,,,,,,,,,,,,,,,,,,,,,,,,,,,,,,,,,,,,,,,,,,,,,,,,,,,,,
Dream A Little Dream Of Me,The Mamas & The Papas,,,,,,,,,,,,,,,,,,,,27,,,,,,,,,,,,,,,,,,,,,,,,,,,,,,,,,,,,,,,,,,,,,,,,,,,,,,,,,,,,,,,,,,,,,,,,,,,,,,,,,,,,,,,,,,,,,,,,,,,,,
Dreams,The Cranberries,,,8,13,25,,28,,11,6,19,,5,9,6,,10,,,,,14,,11,,25,8,,,11,6,,,11,25,6,,,,,,,7,20,,26,26,,25,,,,,,,4,20,,13,,,,,,,,21,,,,,,,22,,,,,,15,12,5,,11,,13,14,19,,,,26,,,,20,14,,14.5,10,15.5,14,,14.5,,,,,,,,13.5,14.5,,,15,,,,,
Driving Home for Christmas,Chris Rea,,,,,,,,,,,,,,,,,,,,,,,,,,,,,,,,,,,,,,,,,,,,,,,,,,21,16,,,,,,,,,,,,,,,,,,,,,,,,,,,,,,,,,,,,,,,,,,,,,,,,,,,,,,,,,,,,,,,,,,,,,,
Enter Sandman,Metallica,,,,,,,,,,,,,,,,,,,,,,,,,,,,,,,,,,,,,,,,,,,,,,,,,,,,,,,,,,,,,,,,,,,,,,,,,,,,,,,,,,,,,,,,,,,,,,,,,,,,,,,,,,,,,,13,14,,,,,,,,,,
Every Breath You Take,The Police,,18,21,23,,,,,,,,,,,,,,,,,,,,,,,,,,,,,,,,,,,,,,,,,,,,,,,,,,,,,,19,24,,,,,,,,,,,,,,,,,,,,,,,,,,,,,,,,,,,,,,,,,,,,,,,,,,,13,14,,,,,,,,,,
Everybody (Backstreet's Back) (Radio Edit),Backstreet Boys,,13,19,21,,,,,,,,,,,,,,,,,,,,,,,,,,,,,,,,,,,,,,,,,,,,,,,,,,,,,,,,,,,,,,,,,,,,,,,,,,,,,,,,,,,,,,,,,,,,,,,,,,,,,,,,,,,,,,,,,,,,,
Ex's & Oh's,Elle King,,10,,,,14,,,,,,,,,,,,,,6,,,8,2,,,15,,,,,5,,,,,3,,,,,,,,,,,,,4,,,19,,,,,,,,,,,,,,,,,18,,,,,,,,,,2,,,,25,21,10,10,3,,,,5,,14.5,,15,14,,,,15.5,,13.5,,,14.5,,,14.5,,14,,14.5,,14,,,16,,,
Express Yourself,Madonna,,,,,,,,,,,,,,,,,,,,,,,,,,,,,,,,,,,,,,,,,,,,,,,,,,,,,,,,,,,,,,,,,,,,,,,,,,,,4,,,,,,,,,,,,,,,,,,,,,,,,,,,,,,,,,,,,,,,,,,,,,
Eye of the Tiger,Survivor,,,,,,13,,,,,,,,18,,,,,,,,,,,,,,25,,,9,,,,,,,,,,,,,,,,,,,,,,,23,,,,,,,,,,,25,,25,,,,,,,6,,,,,,,,,,,,11,,,,,,,,,,,,,,,,,,,,14.5,,14.5,,,,13.5,,13.5,,,17,,,,15
Fairytale Of New York (feat. Kirsty MacColl),The Pogues,,,,,,,,,,,,,,,,,,,,,,,,,,,,,,,,,,,,,,,,,,,,,,,,,,15,17,13,14,,,,,,,,,,,,,,,,,,,,,,,,,,,,,,,,,,,,,,,,,,,,,,,,,,,14.5,13,,,,,,,,,,,,,,,,
Faith,George Michael,,,,,,,,,,,,,,27,,,,,,,,,,15,,,,,,,,,,,8,,,14,,,,,,,,,,19,,,,,,6,,,,,7,,7,,,,,,,,,15,,,,,,8,,,,27,,10,,19,,26,,,,,,,,,,,,,,,,,,,,,,,,,,,,,,15,,,,,
Fast Car,Tracy Chapman,,,,,,,,,,,,,,,,,,,,,,,,,,,,,,,,,,,,,,,,,,,,,,,,,,,,,,,,,,,,,,,,,,,,,,,,,,,,,,,,,,,,,,,,,,,,,,,,,,,,,,,,,,,,,,,,,,,,,,,,,
Feliz Navidad,José Feliciano,,,,,,,,,,,,,,,,,,,,,,,,,,,,,,,,,,,,,,,,,,,,,,,,,,1,11,16,26,,,,,,,,,,,,,,,,,,,,,,,,,,,,,,,,,,,,,,,,,,,,,,,,,,13.5,14.5,13,,,,,,,,,,,,,,,,
Float On,Modest Mouse,,,,,,,,,,,,,,,,,,,,,,,,,,,,,,,,,,,,,,,,,,,,,,,,,,,,,,,,,,,,,,,,,,,,,,,,,,,,,,,,,,,,,,,,,,,,,,,,,,,,17,,,,,,,,,,,,,,,,,,,,,
Flowers,Miley Cyrus,19,,18,,,23,15,13,,,21,,,,,18,,,,23,,,,,,,,,,,,,,,,10,5,15,,12,16,,,4,,,23,5,,,,,,,4,,,,,6,10,8,,,,,,,,,,,,,,12,,,,,,21,,,,,,,,,,,,,,,,,,,,,,,,,,,,,,,,,,,,,,,
Flowers Survive My Man,"Gloria Gaynor, Miley Cyrus, Bruno Mars",,,,,,,,,,,,,,,,,,,,,,,,,,,,,,,,,,,,,,,,,,,,,,,,,,,,,,,,,,,,,,,,,,,,,,14,,,,,,,,,,,,,,,,,,,,,,,,,,,,,,,,,,,,,,,,,,,,,,,,,,,
Folsom Prison Blues,Johnny Cash,,,,,,,24,,2,,9,2,,20,,,,2,,2,,4,,,,,,,,,8,6,16,6,,,,8,14,,10,,19,,1,,,,7,,,,,,5,,,,2,14,,13,,,,,4,1,5,,,,11,14,,,,3,14,,13,4,14,10,6,21,,5,4,11,,,9,,,27,,14,,,15.5,14,,14.5,,,15,14.5,,,,,,,,,17,16,,,
Freedom! '90 (Edit),George Michael,,,,,,,,,,,,,,,,,,,,,,,,,,,,,,,,,,,,,,,,,,,,,,,,,,,,,,,,,,,,,,,,,,,,,,,,,,,,28,25,,,,,,,,,,,,,,,,,,,,,,,,,,,,,,,,,,,,,,,,,,,,
Friday I'm In Love,The Cure,,,,,,,,,,24,,5,,11,,3,,,,,,,14,,,,,,,,,,,,,7,,,,20,,3,,,,,12,,21,,,,,,,,,,,,,1,,,,,,22,6,2,,,,8,28,,,4,9,,22,,,,,,,,,,,,,,6,,,,14.5,,,,13.5,14.5,13,,,,14.5,,,13.5,14.5,,,,,,,14,
Fuck Her Gently,Tenacious D,9,,27,22,,21,,19,,16,,,,24,,,,23,,,,,7,,,14,17,,17,,,,,,,,,,,23,,14,,,,21,,,,,20,,,,,,14,,,,,,,,11,,,,,,,,,7,14,,,,21,,,,25,,,,,16,,,,,,14.5,7,14,14,,,,,,13.5,,,,,,,,,13.5,,,,,17,,,14,
Fuck You,Cee Lo Green,,,,4,,,,,,4,,,,,,5,,,,,,,,,,,,14,19,,,,15,,,4,,22,,17,,,,,18,6,,,,13,1,,16,,,,,,16,10,,,25,,,,23,,,,9,25,,,24,,,2,24,9,19,,,26,14,24,,15,18,22,13.5,,7,,,,14,14,14.5,,15.5,14,,,,14.5,15,14.5,14.5,,,,14.5,,14,,,,13,,15
Gangsta's Paradise,"Coolio, L.V.",,,,19,,8,,,,,,,6,,25,,,,11,,,23,,,,,,,18,21,,7,,24,,13,,,,,,,18,,,24,6,,,,,7,8,26,,13,,,,9,,,,,,18,13,26,18,19,,23,,23,,,,,15,5,,17,18,,18,20,15,,,29,13.5,,,14.5,,13,14,14,,5,15.5,14,13.5,,,14.5,,,14.5,,,13.5,14.5,13.5,,,,,,,
Ghostbusters,Ray Parker Jr.,,24,26,,,22,,,,,,,,,,,,,,,,,,,,,,,,,,,,,,,,,,,,,,,,,,,,,,,,,,,,24,,,,,,,,,,,,,,,,,,,,,,,,,,,,,,,,,,,,,,,,,,,,,,,,,,,,13,,,,,,,,,,,
Give Peace A Chance,Plastic Ono Band,,,,,,,,,,,,,,,,,,,,,,,,,,,,,,,,,,,,,,,,,,,,,,,,,,,,,,,,,,,,,,,,,,,,,,,,,,,,,,,,,,,,,,,,,,,,,,,,,,,,,,,,,,,,,,,,,,,,,,,,,15
Grace Kelly,MIKA,,,,,,,,,,,,,,,,,,,,,24,,,,,,,,,,,,,,,,,,,,,,,,,,,,,,,,,,,,,,,,,,,,,,,,,,,,,,,24,12,,,,,,,,,,,,,,,,,,,,,,,,,,,,,,,,,,,,,,,,,,,,
Groove Is in the Heart (in G),Deee-Lite,,,,,,,,,,,,,,,,,,,,,,,,,,,,,,,,,,,,,,,,,,,,,,,,,,,,,,,,,,,,,,,,,,,,,,,,,,,,,,,,,,,,,,,,,,,,,,,,,,,,,,,,,,,,,,,,,,,,,,,,,
Hand in My Pocket,Alanis Morissette,1,,,,,,,,,,,9,,2,,,,,,12,,,,9,22,1,2,,1,,,8,,,,,,,,,,,,13,4,,,,,,,21,,,1,,,,,3,2,,1,,,,1,,,,,3,,,,,2,7,,7,4,,9,,,,,,,2,,10,,,,,,,,,,,,,,,15,,,,,,,,,15,17,,,,
Happy Birthday To You (in D),Traditional,,15,,14,17,17,,15,23,,17,,,16,,16,12,27,,26,,,,12,,,1,,,,,9,11,,,,10,17,,,,17,,,,,,,,,,,,16,,21,16,,,,,27,12,,17,,,9,,,,4,,,11,,,10,,,,11,,,,23,11,,,,,,,14.5,,26,,14,14.5,,15.5,,,,13,14.5,15,,14.5,13,,,,,,15,17,,,,
Happy Xmas (War is Over),"John Lennon, Yoko Ono",,,,,,,,,,,,,,,,,,,,,,,,,,,,,,,,,,,,,,,,,,,,,,,,,,30,,,,,,,,,,,,,,,,,,,,,,,,,,,,,,,,,,,,,,,,,,,,,,,,,,,,,,14.5,,,,,,,,,,,,,,,,,
Hate To Say I Told You So,The Hives,,,,,,,,,,,,,,,,,,,,,,,,,,,,,,,,,,,,,,,,,,,,3,,,,,,,,,,,,,,,,24,,,,,,,,,,24,,,,4,,,,,,,,,,,,,,,,,,,,,,,,,,,,,,,,,,,,,,,,,,15,,16,,,
Heartbeats,The Knife,,,,,,,,,,,,,,,,,,,,,,,,,,,,,,,,,,,,,,,,,,,,,,,,,,,,,,,,,,,,,,,,,,,,,,,,,,,,,,,,,,,,,,,,,,,,,,,,,,,,,,,,,,,,,,,,,,,,,,,,,
Here Comes the Morning,Ukulele Tuesday,,,,,,,,,,,,,,,,,,,,,,,,,,,,,,,,,,,,,,,,,,,,,,,,,,,,,,,,,,,,,,,,,18,,,,,,,,,,,,,,,,,,,,,,,,,,,,,,,,,14,,,,,,,,,,,,,,,,,,,,,,,
Heroes (single version),David Bowie,21,,,,18,,,,,,4,28,,,26,,,,,,19,2,6,7,,,,,8,,,,,,1,,,2,,,,,,5,11,,,22,,,,,,,14,,,,,,,,,2,6,,19,,,,2,,,,,,,,,,25,,,,,,,,,,,,,,,,,14,,,15.5,,,,,,,,,,,,,,,,,,,,
Hey Jude,The Beatles,,,,,22,,,8,,,27,,26,,17,,28,,,,,,26,,,,,28,,,,26,,,12,,,,,,20,,24,,22,9,,,,,10,,,20,11,,,,,,12,21,22,,,22,,,,,,8,,,10,,,,,,,14,19,,12,,,,,,,,,,,,,14,,,,,13.5,14.5,,,,14.5,14.5,,,,14.5,13.5,,,,,,14,
Hey Ya,OutKast,,,,,,,,,,,,,,,,,,,,28,,,,,,,,,,,,,,,,,,,,,,,,,,,,,,,,,,,,,,,,,,,,,,,,,,,,,,,,,,,,,,,,,,,,,,,,,,,,,,,,,,,,,,,,,,,,,,,,,,,,,
Highway to Hell,AC/DC,,9,,27,,,,26,27,,,24,,,28,,,,,,,,,,,,,,,14,,,,28,,,,26,,,23,,,,25,27,27,,12,28,27,,,,28,8,,,,15,27,22,7,28,,13,,,,26,23,,19,13,,,,,,26,6,13,12,9,,15,,,,23,13.5,,10,,,8,14,,14.5,24,,,,14.5,13,14.5,15,14.5,14.5,13,14,,,,,,,,,,
Ho Hey,The Lumineers,,,,,,12,1,,,1,25,,,,,,,,,7,,,,1,,,,,,,4,,,,,,,,,21,9,,17,,,,,,,,,5,,13,2,,,,5,5,,,,15,,,2,,,,,7,,,,,,18,26,6,,,1,,11,,2,,,3,,,,,,,14,,14.5,16,15.5,,,,,14.5,15,14.5,,,,,,,,,,16,,,
Holding Out for a Hero,Bonnie Tyler,,,,,,,,,,,,,,,,,,,,,,11,,,,,,,,,27,,,,,,,,,,,,,,28,,10,,,,,,,,,,,,,,,10,,19,,,18,,,,,13,,,,,,,,30,,18,,16,,29,,25,,26,,,22,,8,,,,14.5,,,,,,,,15,14.5,,,,,,,,,,,,14,
Hot N Cold,Katy Perry,,,,,,,,,3,,,,,10,2,,17,,17,,,,,,1,,,1,,,,,,,,,,,,,,8,,2,23,25,,,3,,6,,,,,,,,,,1,,,,,,,,,,,16,,,,25,,,2,,,,,12,,,4,,,,,3,,,9,,,,,,,,,,,14.5,,,,,,,,,,,,16,,,
Hotel California,The Eagles,,5,22,,13,,,,,,,18,9,28,,,,,,,,,,,5,,,,,,5,,,,,,,,,,,,,22,,,,26,24,,,,18,,,,,20,,,,,,,,,,15,,,,,18,,9,,,,23,,,,6,,,,,,16,,,,,,,,14,14,14.5,,,14,,,,,,,14.5,13,,,,,14,,17,,13,,
Hotel Yorba,The White Stripes,2,,,,,1,,2,4,5,6,11,1,4,,4,,7,,5,,3,25,,7,7,,,21,2,,24,18,,4,19,,13,,5,,,5,,9,,,14,1,,24,19,2,,,,,,4,23,,6,,,,5,,13,25,16,20,,6,,22,,,,,17,,,3,,,12,26,11,,17,13.5,,16,,10,5,14,14,,4,,14,13.5,,,14.5,,14.5,14.5,,14,,,13.5,,,17,,13,14,
House Of Gold,Twenty One Pilots,25,,,,,,,5,,,,,2,,,,,4,,,,,11,,,4,20,,,16,,,,,22,,,,15,,,,15,,,22,,,,,3,,,,,,,,,1,,,,,,26,,,,17,,,7,,,,,,,18,,,,,7,,27,,,,,,11,,,,,,,7,,14,13.5,,,,,,14.5,,,,,,,,,,,,
House of the Rising Sun,The Animals,,,,,,,,24,,,,,,7,,,,,,,,,,24,6,,,,,,,,,15,10,,,9,,,,,,,,17,,13,,,,,,,26,,15,,,,,,15,14,,,,,,,,,,,27,,,,,19,14,,,,,,,,,,,,,,,,,,,,,14,,14.5,,,,,14.5,,,,,,,,,,13,,15
Hysteria,Muse,,,,,,,,,,,,,,,,,,,,,,,,,,,,,,,,,,,,,,,,,,,,,,,,,,,,,,,,,,,,,,,,,,,,,,,,,,,,,,,,,,,,,,,,,,,,,,,,,,,,,,,,,,,,,,13,14,,,,,,,,,,
I Feel Love,Donna Summer,,,,,,,,,,,,,,,,,,,,,1,,,,,,,,,,,,,,,,,,,,,1,,,,,,,,,,,,,,,,,,,,,,,,,,,,,,,,,,16,1,,,,,,,,,,,,,,,,,,,,,,,,,,,,,,,,,,,,,,,,,,,,
I Kissed A Girl,Katy Perry,4,,,,,,,,,,2,,,,,,,,,,4,,,,,,,20,,20,,,,14,,,1,,,,,,,,13,16,,23,27,18,,,3,21,27,,4,,,26,6,25,,1,,,,3,,,,,,,,1,4,26,,,,,,,,,,,,,,,,,,,,,,,,,,,,,,,,,,,,,,,,,,,
I Love It (feat. Charli XCX),Icona Pop,,,,,,,,,,19,,,,,,,,,,,16,,,,,,,,,,,,,23,,,,,,,,,,,,,,8,,,,,,,,,,,,,,,26,,,,,,27,12,,,,27,,,,,,,5,,,24,,19,24,,13,20,,18,,,,,,,,,,,,,,,,,,,,,,,,,,,,,
I Love Rock 'N Roll,Joan Jett & The Blackhearts,,,,,,,,,,,,,,,,,,,,,,,,,,,,,,,,,,,,,,,,,,,,,,,,,,,,,,,,,,,,,,,,,,,,,,,,,,,,,,,,,,,,,,,,,,,,,,,,,,,,,,,,,,,,,,,,,,,,,,,,,
I Love You Always Forever,Donna Lewis,,,,,,,,,,,,,,,,,,,,,,,,,,,,,,,,,,,,,,,,,,,,,,,,,,,,,,,,,,,,,,,,,,,,,,,,,,,,,,,,,,,,,,,,,,,,,,,,,,,,,,,,,,,,,,,,,,,,,,,,,
I Only Want To Be With You,Dusty Springfield,,,,,,,,,,21,,13,,,,,,12,,,3,,,,,,,,,,,,,,2,,,,,,,,,,3,,,,,17,,,,,,,3,,,,,,,,10,,,,,,,,,,,2,9,,,12,,,,,,,,,22,,,14,,,,,,,,,,,,,,,,,,,,,,,,,,,,,
I Say a Little Prayer,Aretha Franklin,,,,,,,,,,,,,,,,,,,,,25,,,,,,,,,,,,,,,,,,,,,,,,,,,,,,,,,,,,,,,,,,,,,,,,,,,,,,,,,,,,,,,,,,,,,,,,,,,,,,,,,,,,,,,,,,,,,,,,,,,,
I Think We're Alone Now,Tommy James & The Shondells,,,,,,,,,,,,,,,,,,,,,,,,,,,,,,,,,,,,,,,,,,,,,,,,,,,,,,,,,,,,,,,,,,,8,,,,,,,,,,,,,,,,,,,,,,,,,,,,,,,,,,,,,,,,,14.5,,,,,,,,15,17,,,,
I Want to Break Free,Queen,,,,,20,,,,14,,,,,15,7,24,,,,,,,,,,,,,,,,,6,,,,,,8,,,,14,,,,22,,,,,,,,,,,,,,,,,,,,,,,,,,,,,,,,,16,,,,,,,5,,,24,,,,,,9,,,,,,14,,,,,,,,,,,14.5,,14,15,,,,,
I Will Survive,Gloria Gaynor,,,,12,,,27,,,,,,3,,9,,8,,10,,14,,,20,,,,24,15,10,,10,,27,,,,16,25,,,,3,,,,,24,,,,,,17,,24,,,,,,,,13,,,,21,,,,,,,,,,,27,,,,29,,,,,,,,,20,,,,10,14,14,,,15.5,,,14.5,,14.5,,14.5,,,,,,,14,15,,16,,,15
I'm On Fire,Bruce Springsteen,,,,,,,,,,,,,,,,,,,,,,,,,,,,,,,,,,,,,,,,,,10,,,,,,,,,,,,,,,,17,,,,,,,,,,,,,,,,,,,,,,,,,,,,,,,,,,,,,,,,,,,,,,,,,,,,,,,,,,,,,,,
I'm Shipping Up To Boston,Dropkick Murphys,,,,,,,,,,,,,,,,,,,,,,,,,,,,,,,,,,,,,,,,,,,,,,,,,,,,,,,,,,,,,,,,,,,,,,,,,,,,,,,,,,,,,,,,,,,,,,,,,,,,,,,,,,,,,,,,,,,,,,,,,
Imagine,John Lennon,,,,,,,,9,,,,6,,,,,5,,,,,,,,14,,,,,,14,,,,,,,,,,,,,,6,3,,,,,,,,1,,,,,,2,,,,7,,,,,,,,,,,,,,,,,,,,,,,,,,,,,,,,,,,,,,,,,13,,15,14.5,,,,,,,,,,16,,,15
In Bloom,Nirvana,,6,,,,,,,,,13,,25,,11,26,,,,,,,,,,9,,,,28,,,,10,,,,,,,18,,26,,,,,,,,,,,,,,,,,,,,,,,,,,,,17,,,,13,,24,,,,,,,,,,,,,,,,,,,,,,14.5,,15.5,,,,13,,,,14.5,,,13.5,,,,,,,,14,15
In Too Deep,Sum 41,,,,,,,,,,,,,,,,,,,,,,,,,,,,,,,,,,,,,,,,,,,,,,,,,,,,,,,,,,,,,,,,,,,,,,,,,,,,,,,,,,,,,,,,,,,,,,,,,,,,,,,,,,,,,,,,,,,,,,,,,
Island In The Sun,Weezer,,,,,,,,,,,,,,,,8,,,,,,,5,,13,13,,,,,3,,,,,,,,,,15,,,,,,,,18,5,,,,,,,,,,,,,,,,1,,,,20,,9,5,,,,,,,,,,7,,,,,,,27,,,,,,,,,,,,14,,,,,15,,,,,,,,,,,,,,
Islands in the Stream,"Dolly Parton, Kenny Rogers",,,,,,,,,,,,,,,,,,,,,,,,,,,,,,,,,,,,,,,,,,,,,,,,,,,,,,,,,,,,,,,,,,,,,,,,,,,,,,,,,,,,,,,,,,,,,,,,,,,,,,,,,,,,,,,,,,,,,,,,,
It Must Have Been Love,Roxette,,,,,,,,,,,,,,,,,,,,,,,,,,,,,,,,,,,,,,,,,,,,,,,,,,,,,,,,,,,,,,,,,,,,,,,,,,,,,,,,,,,,,,,,,,,,,,,,,,,,,,,,,,,,,,,,,,,,,,,,,
I’ve Been Everywhere,Johnny Cash,,,,,,,,,,,,,,,,,,,,,,,,,,,,,,,,,,,,,,,,,,,,,,,,,,,,,,,,,,,,,,,,,,,,,,,,,,,,,,,,,,,,,,,,,,,,,,,,,,,,,,,,,,,,,,,,,,,,,,,,,
Je t'aime... moi non plus,Jane Birkin & Serge Gainsbourg,,,,,,,,,,,,,,,,,,24,,,,,,,,,,,,,,,,,,,,,,,,15,,,,,,,,,,,,,,,,,,,,,,,,,,,,,,,17,,,,,,,,,,,,,,,,,,,,,,,,,,,,,,,,,,,,,,,,,,,,,,,,
Jeremy,Pearl Jam,,,,,,,,18,,,,,,,,,,,,,,,,,,21,,,,,,,7,,,,,,,,,,,,,,13,,,,,,,,,,,,,,,,,,,8,,,,,,,,,,,,,,,,9,,,,,,,,,,,,,,,,,,,,,,,,,15,,14.5,13,14,,,,,,,,,,
Jingle Bell Rock,Bobby Helms,,,,,,,,,,,,,,,,,,,,,,,,,,,,,,,,,,,,,,,,,,,,,,,,,,20,,,22,,,,,,,,,,,,,,,,,,,,,,,,,,,,,,,,,,,,,,,,,,,,,,,,,,,,,,,,,,,,,,,,,,,,
Jolene,Dolly Parton,,,,9,21,,,,18,11,,,,19,,,22,,4,18,,,,,,,14,,24,,,,24,,,,,,,8,21,,,,,8,,,15,,,,,,,,,,,,,,4,,,,,,,,8,,,9,21,7,10,,,,21,,16,,,,,,,,,2,,,,3,14,,,,15.5,14,,,,,15,,,,,,14.5,,14,15,,,13,,15
Jump in the Line,Harry Belafonte,,,,,,,,,,13,22,,7,,,22,,,,,,,,,,,25,,,,22,,,,,,,,,,,,,23,,,2,,,,,,,,,,,,,,,17,,,,23,,20,,,,,,,,,,,,,,15,,22,17,,3,29,10,,,,27,,,23,,14,14.5,,15.5,14,13.5,,,14.5,,,,,14,,,,14,15,17,16,,14,
Just A Girl,No Doubt,,,,,,,,,,,,,,,,,,13,,,,,,,,,,,,,,,,,,,22,,,,,,,,,,,7,28,,21,,,,25,,,,,,,,,,,,17,,,,,,,,,,,,,,,,,,,,,,,,,24,,,,,,,,,,,,,13,,15,,,,,,,,,15,,,,,
Just Can't Get Enough,Depeche Mode,,,,,,,,,,,15,,,,,,2,,,,,,,,,,,,11,,,11,,,3,,,18,,,,20,,,,,,,,,,,,,,,,,,,,14,,9,20,,,29,28,,19,19,,3,,,,,,10,,,,,16,,16,23,,12,,,,14.5,11,,,14,14.5,,15.5,14,13.5,14.5,13,,15,14.5,14.5,,14,,14.5,,14,,17,16,13,,
Karma Chameleon,Culture Club,,,,,,,,,,,,8,,26,,,,,,,,,16,,16,11,6,,,,,,22,,,16,,4,,,,,,,,,,,14,,,,12,,,19,7,,,7,,,,21,,,,,,,,,,,,26,,,12,25,,,,,,,,,,,13.5,,,,,,,,,,15.5,,,,,,,,,,14,,,13.5,14,,,,,,
Kids,MGMT,14,,9,,,,,,9,,,,,,4,,,,,,,,17,14,,,,,,,,,,,,,,,,,,,,,14,,4,,,,,,4,,,,25,,,,,9,,,,,,,,,,,,,,,,,,,,,,,,,,,23,,,,,,,,,,,,,,,,,,,14.5,,,,,14.5,,,,,,13,,
Kids in America,Kim Wilde,,,,,,18,,,,,,,,,,,,,9,,,,,5,,,,,,,,,23,,,17,,,,,,,,,,,,,,,,,,,,,,,,,,,,25,,7,,,,,,24,,,,,,,,,,,,,,,,,,,,,,,,,,,,,,,,,,,,,,,,,,,,,,,,,
Kiss/Mustang Sally Medley,Prince/The Commitments,,,,,,,,,,,11,25,,,,,,,,,,,,,,,,21,,,,12,,,,11,,25,,,,24,,,27,,,,,,,,,,,,,,,,,,,27,,21,7,,,27,,,,,,,22,,,,,,,,26,,30,,21,,,,,,12,,14,14,,,15.5,14,,,,,,14.5,,,14,13.5,14.5,,,,,,,,
L'italiano,Toto Cutugno,,,,,,,,,,,,,,,,,,,,,,,,,,,,15,,,,,,,,,,,,,,,,,16,,,,,,8,,,,,,,,10,,,,,,13,,15,,7,,,,,,,,,,19,,,,23,,,,,,,,,,,14.5,,,,,,,,,,14.5,,,15,,,,14,,,,,,,,,,
La Marseillaise (abridged),Rouget de Lisle,,,,,,,,,,,,,,,,,,1,,,,,,,,,,,,,,,,,,,,,,,,,,,,,,,,,,,,,,,,,,,,,,,,,,,,,,,1,,,,,,,,,,,,,,,,,,,,,,,,,,,,,,,,,,,,,,,,,,,,,,,,
Lady Madonna,The Beatles,,,,,,,,,,,,,,,,,,11,,,,,,,,,,,,,11,13,,,,,,,,,,,,,5,,,,,,,,,,,,,,,,,5,,,,,,,,,,,,,,,,,,,,,,,,,,8,,,13.5,,,14.5,,,,,14.5,,,,,14.5,,,15,,,,,,,,,,17,,13,,15
Lambada,Kaoma,,,,,,,,,,,,,,,,,,,,,,,,,,,,,,,,,,,,,,,,,,,,,,,,,,,,,,,,,,,,,,,,,,,,,,,,,,,,,,,,,,,,,,,,,,,,,,,,,,,,,,,,,,,,,,,,,,,,,,,,,
Last Christmas,Wham!,,,,,,,,,,,,,,,,,,,,,,,,,,,,,,,,,,,,,,,,,,,,,,,,,,3,18,,,,,,,,,,,,,,,,,,,,,,,,,,,,,,,,,,,,,,,,,,,,,,,,,,,,13.5,14.5,13,,,,,,,,,,,,,,,,
Lava,"Kuana Torres Kahele, Napua Greig, James Ford Murphy",,,,,,,,,,,,,,,,,,,,,,,,,,,,,,,,,,,,,,,,,,13,,,,,,,,,,,,,,,,,,,,,,,,,,,,,,,,,,,,,,,,,,,,,,,,,,,,,24,,,,,,,,,,,,,,,,,,,,,,,,,,
Le Banana Split,Lio,,,,,,,,,,,,,,,,,,,,,,,,,,,,,,,,,,,,,,,,,,,,,,,,,,,,,,,,,,,,,,,,,,,,,,,,,21,,,,,,,,,,,,,,,,,,,,,,,,,,,,,,,,,,,,,,,,,,,,,,,,
Learn to Fly,Foo Fighters,,,,,,,,,,,,,,,,,,,,11,,18,,,,,,17,25,,,,,,,,,,,,,,,6,21,,,,,,,,,,,,27,,,,,,,,,,,10,,,,,,,,,,,13,,,,,,,,,,,,,,,,,,,,,,,,,,,,,,14.5,,,,,,,,,16,13,,
Les Champs-Élysées,Joe Dassin,,,,,,,,,,,,,,,,,,,,,,,,,,,,,,,,,,,,,,,,,,,,,,,,,,,,,,,,,,,,,,,,,,,,,,,,,15,,,,,,,,,,,,,,,,,,,,,,,,,,,,,,,,,,,,,,,,,,,,,,,,
Let it Be,The Beatles,,,,,,,,,,,,,,,,,18,,,,,,,,,,,,,4,,,,,,,,,,,,,,,,,7,,,,2,,21,11,,,,,,,,,,,,,,,17,,,15,13,18,,,,,3,,,,10,14,8,,,,,,,,,,,,,,,,,,,,,,,,,,,,,,,,,,,,
Levitating (feat. DaBaby),"Dua Lipa, DaBaby",,,,,,,,,,,,,,,,,,,,,,,,,,,,,,,,,,,,,,,,,,,,,,,,,,,,,,,,,,,,,,,,,,,,,,,,,,,,,,,,,,,,,,,,,,,,,,,,,,,,,,,,,,,,,,,,,,,,,,,,,
Linger,The Cranberries,,,,,,,,,,,,10,,,,23,,,3,,,,18,,,,7,,,,,,,5,,15,,,19,,6,,,,,,,1,30,,,,,,,3,,,,29,,,,5,,,,,,,3,,,,,,,,,,,,,,,,,,,,13.5,16,,,,,,,,,,,,,,,,,,,,,,,14,,,,,,
Little Lion Man,Mumford and Sons,16,,,,8,,,,19,8,,,,22,18,,26,,14,,,27,,,10,,12,8,,,13,15,4,22,23,,,7,,19,22,,6,17,,,,9,13,12,26,,,,,,12,,14,22,16,18,,23,15,,,24,,6,6,,8,,,,,5,29,,11,,22,,5,,9,,12,,13.5,,25,,,21,14,,,13,15.5,,13.5,14.5,,,15,14.5,,,14,13.5,14.5,,14,15,,16,,,15
Little Talks,Of Monsters And Men,,,,,,,,,,,,,,,,,,,,,,,,,,,,,,,,,,,,,,,,,,,,,,,,,,,,,,,,,,,,,,,,,,,,,,,,,,,,,,,,,,,,,,,,,,,,,,,,,,,,,,,,,,,,,,,,,,,,,,,,,
Live is Life,Opus,,,,,,,,,,,,,,,,,,,,,,,,,,,,,,,,,,,,,,,,,,,,,,,,,,,,,,,,,,,,,,,,,,,,,,,,,,,,,,,,,,,,,,,,,,,,,,,,,,,,,,,,,,,,,,,,,,,,,,,,,
Livin' on a Prayer,Bon Jovi,6,,,,,9,,,,26,,,,,,25,,,,19,,,,,,,,27,26,19,7,,,,,,,23,13,,,,,,,,,,,,,,,,,,,,,,,,,,30,29,,14,15,,,,,17,,,,,,,,25,5,,,,,,,,,,,,,22,,,,26,15.5,,,,,,,,,,,13.5,,,,15,,,,,15
Lola,The Kinks,,,,,,10,,,,,,,,,,,27,,,,21,,10,,,,,,,,,,,,,,,24,,,,12,,,,,,,,,,,,,,,,,,,,,,,,,,,,,,,,,,,,,,,,7,,,,,6,,,,,,,,13,,,,14.5,,,14,,,,,,,,,,,,13.5,14,,,,,,
Losing My Religion,R.E.M.,,,,,,,,,,,,,,,,,,,,,,,,,,,,,,,,,,,,,,,,,,,,,,,,,,,,,,,,,,,,,,,,,,,,,,,,,,,,,,,,,,,,,,,,,,,,,,,,,,,,,,,,,,,,,,,,,,,,,,,,,
Love Machine,Girls Aloud,24,,,,,,,,,,7,,,,,2,,,,,,,,,3,,,,23,3,2,,,,,,18,,21,11,,16,,,,,,,,,,,,,,,,,,,,,,,,,,,,,,,,,,,,,,,,,,,,,,,,,,,,,,,,,,,,,,,,,,,,,,,,,,,,,,,
Love Me Do,The Beatles,,,,,,,,,,,,,,,,,,,,,,,,,,,,,,,,,,,,,,,,,,,,,,,,,,,,,,,,,,,,,,,,,,,,,,,,,,,,,,,,,,,,,,,,,,,,,,,,,,,,,,,,,,,,,,,,,,,,,,,,,
Luka,Suzanne Vega,,,,,,,,,,,,,,,,,,,,,,,,,,,,,,,,,,,,,,,,,,,,,,,,,,,,,,,,,,,,,,,,,,,,,,,,,,,,,,,,,,,,,,,,,,,,,,,,,,,,,,,,,,,,,,,,,,,,,,,,,
Macarena (Bayside Boys Remix),Los Del Rio,22,,,,,,20,,,,,17,,23,20,,23,,,,,,,,,,,11,,,,,,25,,,,,,,,,,,,,24,,,,,8,,,24,,17,,,,,,,,,,,,,,,,,10,,,,23,,29,,,,,,,,,,,,,,14.5,,28,,,,,,14,,,,,,,,,14,,,,,,,,13,,15
Mah Na Mah Na,Mahna Mahna and The Two Snowths,,8,17,,,,,,,,,,,,,,,,,,,,,,,,,,,,,,,,,,,,,,,,,,,,,,,,,,,,,,,,,,,,,,,,,,,,,,,,,,,,,,,,,,,,,,,,,,,,,,,,,,,,,,,,,,,,,,,,,,,,,,
Man! I Feel Like A Woman!,Shania Twain,,,,,,,,,,,,,,,,,,,20,22,,,,,,,,,,,,,,,20,,19,20,,,,,,,,,,,,,,,5,,20,,,,,,,,,,,,,,,,,,,,,,,,,,,,,,,,,,,10,,9,,,,,,,14.5,1,,,,,,14.5,,,,,,,14.5,13.5,14,15,,,,,
Material Girl,Madonna,13,,,,,,,,,,12,,,,,,7,,,,,13,,,,,23,,,,24,,,,,,,11,,22,13,,,,,15,19,,,9,,,,,,,,,,11,4,,27,,,,,28,,22,18,,,11,,20,11,16,,,,,,18,,8,22,18,,18,,1,,14.5,,,,,,,,,,,,,,,,,,,,,,,,,,,
Merry Christmas (I Don't Want to Fight Tonight),Ramones,,,,,,,,,,,,,,,,,,,,,,,,,,,,,,,,,,,,,,,,,,,,,,,,,,19,12,15,,,,,,,,,,,,,,,,,,,,,,,,,,,,,,,,,,,,,,,,,,,,,,,,,,,,,,,,,,,,,,,,,,,,,
Merry Christmas Everyone,Shakin' Stevens,,,,,,,,,,,,,,,,,,,,,,,,,,,,,,,,,,,,,,,,,,,,,,,,,,,,,,,,,,,,,,,,,,,,,,,,,,,,,,,,,,,,,,,,,,,,,,,,,,,,,,,,,,,,,,,,,,,,,,,,,
Merry Xmas Everybody,Slade,,,,,,,,,,,,,,,,,,,,,,,,,,,,,,,,,,,,,,,,,,,,,,,,,,10,14,17,,,,,,,,,,,,,,,,,,,,,,,,,,,,,,,,,,,,,,,,,,,,,,,,,,,,,13,,,,,,,,,,,,,,,,
Minor Moon,Creedence Clearwater Revival,,,,,,,,,,,,,,,,,,,,,,,,,,,,,,,,,,,,,,,,,,,,,,,,,,,,,,,,,,1,,,,,,,,,,,,,,,,,,,,,,,,,,,,,,,,,,,,,,,,,,,,,,,,,,,,13,,,,,,,,,,,
Misirlou,Dick Dale,,,,,,,,,,,,,,,,,,,,,,,,,,,,,,,,,,,,,,,,,,,,,,,,,,,,,,,,,,,,,,,,,,,,,,,,,,,,,,,,,,,,,,,,,,,,,,,,,,,,,,,,,,,,,,,,,,,,,,,,,
Mistletoe and Wine,Cliff Richard,,,,,,,,,,,,,,,,,,,,,,,,,,,,,,,,,,,,,,,,,,,,,,,,,,,,,,,,,,,,,,,,,,,,,,,,,,,,,,,,,,,,,,,,,,,,,,,,,,,,,,,,,,,,,,,,,,,,,,,,,
Moi... Lolita,Alizée,,,,,,,,,,,,,,,,,,,,,,,,,,,,,,,,,,,,,,,,,,,,,,,,,,,,,,,,,,,,,,,,,,,,,,,,,9,,,,,,,,,,,,,,,,,,,,,,,,,,,,,,,,,,,,,,,,,,,,,,,,
Monster Mash,Bobby (Boris) Pickett and the Crypt-Kickers,,3,1,2,3,,,,,,,,,,,,,,,,,,,,,,,,,,,,,,,,,,,,,,,,,,,,,,,,,,,,,2,21,,,,,,,,,,,,,,,,,,,,,,,,,,,,,,,,,,,,,,,,,,,,,,,,,,,13,,,,,,,,,,,
Moves Like Jagger,Maroon 5 (feat. Christina Aguilera),,,,,,,,,,,,,,,,,,,,,,,,,,,,,,,,,,,,,,,,,,,,,,,,,,,,,,,,,,,,,,,,,,,,,,,,,,,,,,,,,,,,,,,,,,,,,,,,,,,,,,,,,,,,,,,,,,,,,,,,,
Mr. Jones,Counting Crows,,,,,,,,,,,,,,,,,,,,,,,,,,,,,,,,,,,,,,,,,,,,,,,,,,,,,,,,,,,,,,,,,,,,,,,,,,,,,,,,,,,,,,,,,,,,,,,,,,,,,,,,,,,,,,,,,,,,,,,,,
Murder On The Dancefloor,Sophie Ellis-Bextor,,17,,,,,,,,,,,,,,,,,,,,,,,,,,,,,,,,,,,,,,,,,,,,,,,,,,,,,,,,,,,,,,,,,,,,,,,,,,,,,,,,,,,,,,,,,,,,,,,,,,,,,,,,,,,,,,,,,,,,,,,
Nightcall,Kavinsky,,16,5,15,,,,,,,,,,,,,,,,,,,,,,,,,,,,,,,,,,,,,,,,,,,,,,,,,,,,,,,,,,,,,,,,,,,,,,,,,,,,,,,,,,,,,,,,,,,,,,,,,,,,,,,,,,,,,,,,,,,,,
Not Fair,Lily Allen,,,,24,,,,,,14,,,,21,14,,,,,,,6,,,12,,,9,22,,21,14,,,,,6,6,,,,,,18,,,,3,,,25,3,,,,,,,,,,,16,,,,,,,,,,,,,,,,,,,,,,,,12,,14,,13.5,11,,,,,,,,,,,,,,,,,,,,,,,,,,,,,
Nothing Compares 2 U,Sinéad O'Connor,,,,,,,22,,,,,,,,,,,,,,,,,,19,,,,,,,,,,,24,21,,,,,,,,,,,,,,4,,,,,,,,,,,,,17,,,,,23,21,14,,,,,,,,,,,,,,,,,,,,13.5,,,,,,,,,,,,,,,,,,,,,,,,,,,,,,
Numb,Linkin Park,,,,,,,,,,,,,,,,,,,,,,,,,,,,,,,,,,,,,,,,,,,,,,,,,,,,,,,,,,,,,,,,,,,,,,,,,,,,,,,,,,,,,,,,,,,,,,,,,,,,,,,,,,,,,,,,,,,,,,,,,
O Canada,Calixa Lavallée,,,,,,,,,,,,,,,,,,,,1,,,,,,,,,,,,,,,,,,,,,,,,,,,,,,,,,,,,,,,,,,,,,,,,,,,,,,,,,,,,,,,,,,,,,,,,,,,,,,,,,,,,,,,,,,,,,,,,,,,,,
One Way or Another,Blondie,17,22,20,,,,,,,,,,,,,,,,,,20,,,,,,,,,,,,,,,,,,,,,22,,,,,,,,,,,,,,,,12,,,,,,,,,,,,,,,,,,,,,,,,,,,,,,,,,,,,,,,,,,,,,,,,,,,,,,,,,,,,,,,
"Paint it, Black",The Rolling Stones,,11,,,10,,,,,,,,10,,,,,,,,,,,,,,22,,,,,,26,,,,,,18,,4,,,,,18,,,,,,,,,10,,13,14,,,23,,,,,9,,,,4,,,4,,,,,,,,,,4,,4,,,,24,,,,,14.5,,,14,,,,,,,,,,,,,13,,,14.5,13.5,,,17,16,,,15
Pencil Full of Lead,Paolo Nutini,,,,,,,,,,,,,,,,,,,,,,,,,,,,,,,,,,,,,,,,,,,,,,,,,,,,,,,,,,,,,,,,,,,,,,,,,,,,,,,,,,,,,,,,,,,,,,,,,,,,,,,,,,,,,,,,,,,,,,,,,
Pineapple Mango,Daniel Ho,,,,,,,,,,,24,,,,,,,,,,,,,,,,,,,,,,,,,,,,,,,,,,,,,,,,,,,,,,,,,,,,,,,,,,,,,,,,,,,,,,,,,,,,,,,,,,,,,,,,,,,,,,,,,,,,,,,,,,,,,,
Price Tag,Jessie J (feat. B.o.B),18,,4,,,2,6,,,,,,,,,9,,,8,,,,19,,21,,,12,,,,,,18,,,11,,,2,,,2,11,,23,,,,25,,,,,,,,,,25,3,11,,,,,,,,,,17,3,,,,,,,,16,,,,,27,,20,,,,6,,,,,,,,,15.5,,,,,14.5,,,,,14,,,13.5,14,,,,,14,
Proud Mary,Tina Turner,8,,,,,,,,13,,,29,,,27,15,,,26,,,28,,,,26,,,27,22,20,,14,,,21,20,,,26,,,,,,,,,19,,,20,10,,,10,,,,,,7,21,,,,27,17,,25,,,,,,22,6,24,,22,,,,,,,,,,,,,,,,,,,,,,,,,,,,,,,,,,,,,,,,,
Psycho Killer,Talking Heads,,14,6,,14,,,,26,,,,,30,,,,29,,29,,,,,24,,,,,,16,16,,,,,,27,,,,,20,,,12,,,5,,9,9,11,,,,,27,27,,,12,28,12,,10,14,,24,,,,20,15,7,,,,,,,6,,,,,,,,,,,26,14.5,,,,,,6,,14,13.5,14.5,,,,14.5,,13,,13.5,14.5,,14,,17,16,,14,15
Radio Gaga,Queen,,,,,,,,,,,,,,,,,,,,,,,,,,,,,,,,,,,,,,,,,,,,,,,,,,,,,,,,,,,,,,,,,,,,,,,,,,,,,8,,,,,,,,,,,,,,,,,,,,,,,,,,,,,,,,,,,,,,,,,,,,
Re: Your Brains,Jonathan Coulton,,,,,,,,,,,,,,,,,,,,,,,,,,,,,,,,,,,,,,,,,,,,,,,,,,,,,,,,,,23,,,,,,,,,,,,,,,,,,,,,,,,,,,,,,,,,,,,,,,,,,,,,,,,,,,,13,,,,,,,,,,,
Red Wine Supernova,Chappell Roan,20,,,3,,,2,16,10,,,,,,,,,,,,10,,,,,,,,,,,,,,,,,,,,,,,,,,,,,,,,,,,,,,,,,,,,,,,,,,,,,,,,,,,,,,,,,,,,,,,,,,,,,,,,,,,,,,,,,,,,,,,,,,,,
Rehab,Amy Winehouse,,,,,,,,,,,,,,,,,,,,,,,,,,,,,,,,,,,,,,,,,,,,,,,,,,,,,,,,,,,,,,,,,,,,,,,,,,,,,,,,,,,,,,,,,,,,,,,,,,,,,,,,,,,,,,,,,,,,,,,,,
Respect,Aretha Franklin,,,,,,,16,,,,,,,,,,,,,,,,,,2,,,,,,,17,,,16,,14,,,,,,,,,,,,,,,,,,,,,,,,,,,,,,,,,,,,,,,,,,,,,,,,,,,,,,,,,,,,,,,,,,,,,,,,,,,,,,,,,,,,
Ripples in the Rockpool,Rita Connolly,,,,,,,,,,,,,,,,,,,,,,,,,,,,,,,,,,,,,,,,,,,,,,,,,,,,,,,,,,,,,,,,,,,,,,,,,,,,,,,,,,,,,,,,,,,,,,,,,,,,,,,,,,,,,,,,,,,,,,,,,
Riptide,Vance Joy,,,,,,,,,,,,,,,,,,,,,,,,,,,,,,,,,,,,,,,,,,,,,,,,,,,,,,,,,,,,,,,,,,,,,,,,,,,,,,,,,,,,,,,,,,,,,,,,,,,,,,,,,,,,,,,,,,,,,,,,,
Roar,Katy Perry,,,,,,,,,,,,,,,,,,,,,,,,,,,,,,,,,,,,,,,,,,,,,,,,,,,,,,,,,,,,,,,,,,,,,,,,,,,,19,,,,,,,,,,,,,,,,,,,,,,,,,,,,,,,,,,,,,,,,,,,,,
Santa Baby,"Ariana Grande, Liz Gillies",,,,,,,,,,,,,,,,,,,,,,,,,,,,,,,,,,,,,,,,,,,,,,,,,,2,13,,,,,,,,,,,,,,,,,,,,,,,,,,,,,,,,,,,,,,,,,,,,,,,,,,,,13.5,14.5,13,,,,,,,,,,,,,,,,
Sarà Perché Ti Amo,Ricchi E Poveri,5,,,,,5,18,20,21,18,,,21,13,,,,,18,,,17,,,,15,,,,,,,,,,,,,,,,,,,,,,,,,,,,,,,,,,,,,,,,,,,,,,,,,,,,,,,,,,,,,,,,,,,,,,,,,,,,,,,,,,,,,,,,,,,,,,,
Self Control,Laura Branigan,,,,,,,,,,,,,,,,,,,,,,,,,,,,,,,,,,,,,,,,,,11,,,,,,,,,,,,,,,,22,,,,,,,,,,,,,,,,,,,,,,,,,,,,,,,,,,,,,,,,,,,,,,,,,,,,,,,,,,,,,,,
Set Fire to the Rain,Adele,15,,12,26,16,,9,,6,,,,,,,,,,,,,,,,,20,,,,,,,12,,,,,,,,,,25,,,,,,,,,,24,22,,,21,,,,,24,,,27,,,,,,7,,,26,26,,,,,,,,26,,,,,,,,,15,,,,,,,,,15.5,,,,13,14.5,15,,,,,,,,,,,,,,
Shake It Off,Taylor Swift,,,,,,,,,,,,,,,,,,,,4,,,,,,,,,,,,,,,,,,,,,,,,,,,,,,,,,,,,,,,,,,,,,,,,,,,,,,,,,,,,,,,,,,,,,,,,,,,,,,,,,,,,,,,,,,,,,,,,,,,,,
Shake It Out,Florence + The Machine,,,,,,,,,,,,,,,,,,,,,,,,,,,,,,,,,,,,,,,,,,,,,,,,,,,,,,,,,,,,,,,,,,,,,,,,,,,,,,,,,,,,,,,,,,,,,,,,,,,,,,,,,,,,,,,,,,,,,,,,,
She Wolf,Shakira,,,2,,9,26,,,,,,,,,,,,,,,,,,,,,,,,,,,,,,,,,,,,,,,,,,,,,,,,,,,,3,20,,,,,,,,,,,,,,,,,,,,,,,,,,,,,,,,,,,,,,,,,,,,,,,,,,,13,14,,,,,,,,,,
Should I Stay or Should I Go,The Clash,,,,,,3,,,,,,12,,,,,,,,,,,,,,,,,3,,,,1,,,,,19,,,,,,,,,,,4,23,28,,,2,,,,,,,,,14,16,,,,8,16,,11,,2,,,,,1,,,,,15,,,2,,2,,,,,,14.5,,,,,,2,,,13.5,14.5,,,,,,,,13.5,,13.5,,15,17,16,,14,
Silent Night,Taylor Swift,,,,,,,,,,,,,,,,,,,,,,,,,,,,,,,,,,,,,,,,,,,,,,,,,,29,,,,,,,,,,,,,,,,,,,,,,,,,,,,,,,,,,,,,,,,,,,,,,,,,,,,,,,,,,,,,,,,,,,,,,,
Since U Been Gone,Kelly Clarkson,23,,,10,,7,13,,,,,,,,,11,,,,,,,,,,,19,23,,,,,,,14,,,,,,,,,,,,,,,,,,,,,22,11,,15,,,,,,5,,,25,,,,,,,,23,16,,,,,,,21,,16,,13,,,,19,,,,,,,,,,,,,,,,,,,,,,,,,,,,,
Sit Down,James,,,,,,,,,,,,,,,,,,,,,,,,,,,,,,,,,,,,,,,,,,,,,,,,,,,,,,,,,,,,,,,,,,,,,,,,,,,,,,,,,,,,,,,,,,,,,,,,,,,,,,,,,,,,,,,,,,,,,,,,,
So What,P!nk,,,,,,,,23,15,17,16,,,,,,,,,,9,,,,,,,,,,,,,,,,,,,,,,,,,,,,,,,,,,,,,,,,,,,,,,,,,,,,,,,,,,,,,,,,,,,,,,,,,,,,,,,,,,,,,,,,,,,,,,,,,,,,
Somebody that I used to know,Gotye (feat. Kimbra),,,,,,,,,,,,,,,,,,,,,,,,,,,,,,,,,,,,,,,,,,,,,,,,,,,,,,,,,,,,,,,,,,,,,,,,,,,,,,,,,,,,,,,,,,,,,,,,,,,,,,,,,,,,,,,,,,,,,,,,,
Somebody to Love,Queen,,,,,,,,,,,,,,,,,,,,,,,,,,,,,,,,,,,,,,,,,,,,,,,,,,,,,,,,,,,,,,,,,,,,,,,,,,,,,,,,,,19,,,,,,,,,,,,,,,,,,,,,,,,,,,,,,,,,,,,,,,
Somebody's Watching Me,Rockwell,,,,,,,,,,,,,,,,,,,,,,,,,,,,,,,,,,,,,,,,,,,,,,,,,,,,,,,,,,18,,,,,,,,,,,,,,,,,,,,,,,,,,,,,,,,,,,,,,,,,,,,,,,,,,,,,,,,,,,,,,,
Song For Jedi,Dionysos,,,,,,,,,,,,,,,,,,,,,,,,,,,,,,,,,,,,,,,,,,,,,,,,,,,,,,,,,,,,,,,,,,,,,,,,,27,,,,,,,,,,,,,,,,,,,,,,,,,,,,,,,,,,,,,,,,,,,,,,,,
Space Oddity,David Bowie,,,,,,,19,,,,,,,,,12,,16,,,,,23,23,,22,,,,,,18,,,13,,,,,,,,,,,,17,,,24,,12,,,21,7,,,,,,,,,28,11,,,,,,,,,,,,,28,,,,,,,,,24,19,14,,,,,,,,,,,,,,,,14.5,,,,,14,13.5,,13.5,,15,17,16,,,
Spice Up Your Life,Spice Girls,,,,,,30,,,,,,,,,,,,,,,,,24,,,,,,,15,,,2,,,,26,,,,,,,,,,,6,6,,,22,,,,6,,,,,,,20,,26,,22,27,,,,,,12,,17,13,,,8,,3,,2,,,7,,,4,13.5,,21,,,24,,,14.5,,15.5,,,,,,15,,,,,13.5,,,14,,,16,,14,
Stay Stay Stay,Taylor Swift,,,,,,,,,,,,,,,,,,,,,,,,,,,,,,,,,,,,,4,,,,,,,,,,,,,,,,,3,,,,,,,,,,,12,,,,,,,11,,,,,,,,,,,,,,,,,15,,,21,,,14,,,,,,,,,,,,,,,,,,,,,,,,,,
Step Into Christmas,Elton John,,,,,,,,,,,,,,,,,,,,,,,,,,,,,,,,,,,,,,,,,,,,,,,,,,,,,,,,,,,,,,,,,,,,,,,,,,,,,,,,,,,,,,,,,,,,,,,,,,,,,,,,,,,,,,,,,,,,,,,,,
Stuck in the Middle with You,Stealers Wheel,,,,,,,,,,,,7,,,19,,,,22,,,26,22,,,,,,,,,,,,6,,,,,,,,,,,5,,,,,,,,,3,,1,,,,,,,,19,12,,5,3,,,2,,2,,,,,4,,,,,,,,,,,21,,,,14.5,,6,,,,,,,,,,14.5,,,,,14,,,13.5,14,,,16,,,
"Sugar, We're Goin Down",Fall Out Boy,,,,,,,,,,,,,,,,,,,,21,,,,,,,,,,,,,,,,,,,,,,,,,,,,,,,,,,,,,,,,,,,,,,,,,,,,,,,,,,,,,,,,,,,,,,,,,,,,,,,,,,,,,,,,,,,,,,,,,,,,,
Summer of '69,Bryan Adams,,,14,,,29,5,,,,,,,29,,,,8,,,,,,,,,,,,,,,,,,,,,,,,,27,,,11,,,,,,,,,,,,,,,,,,,9,,,,14,,25,,,20,,,,,,,,,11,,9,,21,,7,,13.5,,,,15,,,,,,,14,,,,14.5,,,14.5,,14,,,,,,,,,,15
Sweet Dreams (Are Made of This),Eurythmics,,,,,,,,,,,,,20,,,,,,,,23,24,,25,,,,,,,,,,,,,,10,11,,,,,10,24,,,20,,,,,,,,,,7,,19,,,9,,,,,18,,,,,,,,,,12,,,10,,,,,,,,,7,,25,,,,,,,,,,,,,,,,,,13,,,,,,,,,,,
Sympathy for the Devil,The Rolling Stones,,,,,,,,,,,,,,,,,,,,,,,,,,,,,,,,,,,17,,,,,,,,,,,,,,,,,,,,,,,5,,28,,,,22,29,28,,,,,,,,,,,,,,,,,,,,,,,17,,,,6,,,1,,,,,,,,,13,,,,14.5,13,,,,,,15,17,,,,
Take A Chance On Me,ABBA,,,,,,,,,,,,,12,,,,9,,,,,,,,,,,,,,,,,,,,,,,,,,21,,,20,,,,,5,,,,,16,,,,,24,,11,,24,,,,19,23,,10,,,6,10,,,,,,8,,13,,,13,,,,13.5,22,,,16,2,,,14.5,22,,,,,,,15,,14.5,,,13.5,14.5,,,,,16,,14,
Take on Me,a-ha,,,,,,,26,,,,,,,,,,,28,23,,13,,,,,,,,,9,,,,,,,,,,,,,,,,,,,29,,,,,,22,17,,,,,,,,,22,,,,,,,,,,,15,,6,25,24,,,,4,,,,27,,25,,,5,,,,,14,,,,14,,,,,15,,14.5,,,,,,,,,16,,14,15
Talkin' Bout a Revolution,Tracy Chapman,,,,,,,,,,,,,,,,,,,,,,,,,,,,,,,,,,,,,,,,,,,,,,,,,,,,,,,,,,,,,,,,,,,,,,,,,,,,,,,,,,,,,,,,,,,,,,,,,,,,,,,,,,,,,,,,,,,,,,,,,
Tequila,The Champs,,,,,,,,,,,,,,,,,,,,,,,,,,,,,,,,,,,,,,,,,,,,,,,,,,,,,,,,,,,,,,,,,,,,,,,,,,,,,,,,,,,,,,,,,,,,,,,,,,,,,,,,,,,,,,,,,,,,,,,,,
Thank God It's Christmas,Queen,,,,,,,,,,,,,,,,,,,,,,,,,,,,,,,,,,,,,,,,,,,,,,,,,,,,,,,,,,,,,,,,,,,,,,,,,,,,,,,,,,,,,,,,,,,,,,,,,,,,,,,,,,,,,,,,,,,,,,,,,
That's Not My Name (Radio Edit),The Ting Tings,,,,,,,,,,,,,,,,,,,,,,,,,,,,,,,,,,,,,,,,,,,,,,,,,,,,,,,,,,,,,,,,,,,,,,,,,,,,,,,,,,,,,,,,,,,,,,,,,,,,,,,,,,,,,,,,,,,,,,,,,
The Best (Edit),Tina Turner,,,,,,,21,,,,,21,,,,,24,,,9,,,,,,,,26,,24,,19,,,24,,16,,,,,,,,,,,,,,,,25,,,,,,,,25,,,,,,9,,,,,,,,,,,,,23,,,,,,,29,12,,,,27,14,,17,,,,14.5,,,,,,,,15,14.5,,,,13.5,,,,,17,,13,14,
The Final Countdown,Europe,28,,,,,,,21,,20,,,,,,27,,,,,,,,,,,,,,,,,,,,,,,,,,,,,,,,16,,,,,,,,26,,,,,13,,,,,,,,,,,,,,,,,,,,,23,,,,,18,,,,,,,,,16,,,,,,,,,13,14.5,15,,,,,,,13.5,,15,17,,,14,15
The Ketchup Song (Aserejé),Las Ketchup,,,,,,,,,,,,,,,,,,,,,,,,,,,,,,,,,,,,,,,,,,,,,,,,,,,,,,,,,,,,,,,,,,,,,,,,,,,,,,,,,,,,,,,,,,,,,,,,,,,,,,,,,,,,,,,,,,,,,,,,,
The Lion Sleeps Tonight,The Tokens,,,25,,,,,,5,,,,,,1,,,,,15,,,,,,2,,,,,,,19,,,,,,,25,1,,4,1,,,,,,,,,9,8,,1,,,6,8,,,,3,,,3,,,,,,,,1,,,,1,3,,,,,,,,,,1,,,,,,,,14,,,,,,,,,,,,,,,,,,,17,,,14,15
The Season's Upon Us,Dropkick Murphys,,,,,,,,,,,,,,,,,,,,,,,,,,,,,,,,,,,,,,,,,,,,,,,,,,,,,,,,,,,,,,,,,,,,,,,,,,,,,,,,,,,,,,,,,,,,,,,,,,,,,,,,,,,,,,,,,,,,,,,,,
Thriller,Michael Jackson,,,,,,,,,,,,,,,,,,,,,,,,,,,,,,,,,,,,,,,,,,,,,,,,,,,,,,,,,,,,,,,,,,,,,,,,,,,,,,,,,,,,,,,,,,,,,,,,,,,,,,,,,,,,,,13,,,,,,,,,,,
Thunderstruck,AC/DC,,,,,,,,,,,,,,,,,,,,,,,,,,,,,,,,,,,,,,,,,,,,,,,,,,,,,,,,,,,,,,,,,,,,,,,,,,,,,,,,,,,,,,,,,,,,,,,,,,,,,,,,,,,,,,,,,,,,,,,,,
Time Warp,The Rocky Horror Picture Show,,25,28,,,,,,,,,,,,,,,,,,27,,,,,,,,,,,,,,,,,,,,,,,,,,,,,,,,,,,,,13,23,,,,,,,,,,,,,,,,,,26,,,,,,,,,,,,,,,,,,,,,,,,,,,,,,,,,13,14,,,,,,,,,,
To The Moon,Ukulele Tuesday,,,,,,,,,,,,,,,,,,,,,,,,,,,,,,,,,,,,,,,,,,,,,,,,,,,,,,,,,,,,,,,,,,,,,,,,,,,,,,,,,,,,,,,,,,,,,,,,,,,,,,,,,,,,,,,,,,,,,,,,,
Torn,Natalie Imbruglia,,,,,7,,,,,,,22,,,5,,,,16,,,,,,,8,13,,,,,,,,,,7,,,10,7,,,,,,,,,11,,,15,7,6,,,,,,,,,,,,,,,,,,26,,,,,,,,,,,,,,,,,,,,,,,,,14,,,,,,,,,15,,,,,13.5,,,,15,,,,,
Toxic,Britney Spears,12,21,23,,,,,14,,,,,19,,23,,,,,,,,,,,,,,,,,,,,18,,,,6,18,,19,,,,,,,,,,,,14,,,,8,,21,,,6,,,25,16,,20,,22,,,,8,11,14,25,8,,15,22,20,,3,3,,9,,8,,,29,14.5,18,,,,14.5,,15.5,14,13.5,,,14.5,15,,,13,,13.5,14.5,13.5,14,15,17,,13,14,15
Tragedy,Bee Gees,,,,,,,,,,,,,,,,,,,,,,,,,,,,,,,,,20,,,,,,,,,,,,,,,,,,,,,,,,,25,,,,,,,,,,,,,,,,,,,18,9,,,,,,,,17,,,,,,,13,14.5,,,14,14,14.5,20,,,,,,,,14.5,,,,,14.5,,,,17,,13,14,15
Tribute,Tenacious D,,20,16,7,,,,,,,,,,,,,,,,,,,,,,,,,,,,,,,,,,,,,,,,,,,,,,,,,,,,,,26,26,,,,,,,,,,,,,,,,,,,,,,,,,,,,,,,,,,,,,,,,,,,,,,,,,,,13,14,,,,,,,,,,
True Colors,Cindy Lauper,,,,,,,,,,,,,,,,,,,,,18,,,,,,,,,,,,,,,,,,,,,,,,,,,,,,,,,,,,,,,,,,,,,,,,,,,,,,,5,,,,,,,,,,,,,,,,,,,,,,,,,,,,,,,,,,,,,,,,,,,,,
True Trans Soul Rebel,Against Me!,,,,,,,,,,,,,,,,,,,,,26,,,,,,,,,,,,,,,,,,,,,,,,,,,,,,,,,,,,,,,,,,,,,,,,,,,,,,,,15,,,,,,,,,,,,,,,,,,,,,,,,,,,,,,,,,,,,,,,,,,,,
Truly Madly Deeply,Savage Garden,,,,,,,3,,,,,,,,,,,,,,,,2,,,,,,,,1,,,,,,,,,,,2,,,,,,,,,,,,,,,,,19,,,,,6,,3,,,,,1,,,,,,3,,,,,,,,,25,,,,,,,,,19,19,,,,,,,,,,,,,,,,,,,,,17,,,,
Twist in My Sobriety,Tanita Tikaram,,,,,,,,,,,,,,,,,,,,,,,,,,,,,,,,,,,,,,,,,,,,,,,,,,,,,,,,,,,,,,,,,,,,,,,,,,,,,,,,,,,,,,,,,,,,,,,,,,,,,,,,,,,,,,,,,,,,,,,,,
Up in Arms,Aslan (feat. Sinéad O'Connor),,,,,,,,,,,,,,,,,,,,,,,,,,,,,,,,,,,,,,,,,,,,,,,,,,,,,,,,,,,,,,,,,,,,,,,,,,,,,,,,,,,,,,,,,,,,,,,,,,,,,,,,,,,,,,,,,,,,,,,,,
Valerie,Amy Winehouse,,,,,,15,25,,8,,14,15,24,5,12,10,,,,,5,9,,10,11,,,,,6,,,,13,,23,13,,23,,,23,22,8,,13,16,,,6,,10,23,,,23,22,,,,,,24,,,,10,4,9,,24,26,,,,,7,,22,,,,28,,,22,,,11,9,,8,,14.5,20,,,14,,,,,13.5,,,,,14.5,14.5,,,,,13.5,14,15,,16,13,14,15
vampire,Olivia Rodrigo,11,7,10,8,5,,11,,20,10,10,,,25,,,19,19,,,,19,,19,17,23,,7,7,,15,20,27,,19,20,8,,16,6,17,,11,12,,2,8,25,,26,19,11,7,24,18,18,18,10,,,,,,,,,,,,,,,,,,,,,,,,,,,,,,,,,,,,,,,,,,,,,,,,,,,,,,,,,,,,,,,
Voyage voyage,Desireless,,,,,,,,,,,,,,,,,,17,,,,,,,,,,,,,,,,,,,,,,,,,,,,,,,,,,,,,,,,,,,,,,,,,,,,,,,,,,,,,,,,,,,,,,,,,,,,,,,,,,,,,,,,,,,,,,,,,,,,,,,
Wake Up,Arcade Fire,,,,1,,,14,11,7,,,,16,,,,,,24,8,,16,,26,,,,,,7,17,21,3,,,,,,20,,,,,,17,,,28,,,,,,9,,2,19,,,27,,3,,,,,,,,,,,,,,,,,18,20,23,,,6,23,,,,,,,,,,,25,,,,27,,,13.5,,,14.5,,14.5,,,,,,,14,,17,,13,,
Walk Of Life,Dire Straits,,,,,,,,,,,,,,,,,,,,,,,,,,,,,,,,,,,,,,,,,,,,,,,,,,,,,,,,,,,,,,,,,,,,,,,,,,,,,,,,,,,,,,,,,,,,,,,,,,,,,,,,,,,,,,,,,,,,,,,,,
Walking On Sunshine,Katrina & The Waves,,,,,,,23,,,,,,,,,,,,21,,,,,3,,,26,,,25,,,,16,,,,,,14,,,,,,,11,17,,,,,,,,,,,,,,,,,,,,,,,,,,,,,,,,,,,,,,,,,,,,,,,,,,,,,,,,,,,,,,,,,,,,,,,,,
Waterloo,ABBA,10,,,,,28,,,,7,,19,11,,,,,,19,,,21,,,,,,22,,18,,,,,,,23,,9,,,,,,,,,,,,,,,,13,12,,,,,14,23,,24,,,11,23,21,,,,,,,,,,16,,9,,21,,,,,,,,,,,,,,,,,,,,,,,,,,,,,,,,,,,,,,
We Are Family,Sister Sledge,,,,,,,,,,,,,,,,,,,,,22,,,,,,,,,,,,,,,,,,,,,,,,,,,,,,,,,,,,,,,,,,,,,,,,,,,,,,,27,,,,,,,,,,,,,,,,,,,,,,,,,,,,,,,,,,,,,,,,,,,,,
We Are Young,fun. (feat. Janelle Monáe),,,,,,,,,,,,,,,,,,,,,12,,,,,,,,,,,,,,,,,,,,,,,,,,,,,,,,,,,,,,,,,,,,,,,,,,,,,,,13,5,,,,,,,,,,,,,,,,,,,,,,,,,,,,,,,,,,,,,,,,,,,,
What's Up?,4 Non Blondes,,,,,,27,4,,,2,8,27,,12,,,,20,12,,,,,22,8,,,,,,,,21,,,,,,3,4,2,,,,12,1,,,,,,,,,,9,28,,,20,,26,10,,,16,,,,,,,,24,,,19,,,31,,2,,17,,18,,21,8,,,7,12,,,,,14,14.5,23,,,,14.5,,,,14.5,,,14,,14.5,13.5,,15,,16,,14,
When You're Gone,"Bryan Adams, Melanie C",,,,,,,,,,,,,,,,,,,,,,,,,,,,,,,,,,,,,,,,,,,,,,,,,,,,,,,,,,,,,,,,,,,,,,,,,,,,,,,,,,,,,,,,,,,,,,,,,,,,,,,,,,,,,,,,,,,,,,,,,
Where the Streets Have No Name,U2,,,,,,,,,,,,,,,,,,,,,,,,,,,,,,,,,,,,,,,,,,,,,,,,,,,,,,,,,,,,,,,,,8,,,,,,,,,,,,,,,,,,,,,,,,,,,,,,,,,,14.5,25,,,,,,,,,,,,,,13.5,,,,16,,,15
Where's Me Jumper?,Sultans Of Ping F.C.,,,,,,,,,,,,,,,,,,,,,,,,,,,,,,,,,,,,,,,,,,,,,,,,,,,,,,,,,,,,,,,,,,,,,,13,,,,,,,,,,,,,,,,,,,,,,,,,,,14,,,,,,,,,,,,,,,,,,,,,,,,
Whiskey in the Jar,Thin Lizzy,,,,,,,,,,,,,,,,,,,,,,,,,,,,,,,,,,,,,,,,,,,,,,,,,,,,,,,,,,,,,,,,,,,,,,,,,,,,,,,,,,20,,,,,,,,,,,,,,,,,,,,,,,,,,,,,,,,,,,,,,,
White Flag,Dido,,,,,,,,,,15,,,4,,,,,,,,,,,,,,,,,,18,,,,,,9,,24,,,,,,,,,,,,,,,,,,,,,,,,,4,,,,,,,,22,,,,,,,,,,,,,,,,,5,,,,,,,12,,14,,,,,,,,,15,,,,,,,,14,15,,,13,,
Whole Again,Atomic Kitten,,,,,,,,,,,,,,,,,,,,,,,,,,,,,,,,,,,,,,,,,,,,,,,,,,,,,,,,,,,,,,,,,,,,,,,,,,,,,,,,,,,,,,,,,,,,,,,,,,,,,,,,,,,,,,,,,,,,,,,,,
Why Don't You Get A Job,The Offspring,,,,,,,,12,,,,,,,,,,,,,,,12,,,3,,,,,,25,25,,,,,,,,,,,,,,,,,,,,,,,,9,,,,,,,26,,27,,,26,,,,,,,,,,,,,,,,,,,,20,,13.5,,,,,29,14,,,,,,13.5,14.5,,14.5,15,,,,,,14.5,13.5,14,,,,13,14,
Wind of Change,Scorpions,,,,,,,,,,,,,,,,,,,,,,,,,,,,,,,,,,,,,,,,,,,,,,,,,,,,,,,,,,,,,,,,,,,,,,,,,,,,,,,,,,,,,,,,,,,,,,,,,,,,,,,,,,,,,,,,,,,,,,,,,
With Or Without You,U2,,,,,,,,,,,20,,18,,3,,,25,,,,,,,,,,3,,,,,,26,,2,,,,,,18,,16,,,,,,,,,,,,,,,9,,11,,3,18,,17,,,,11,,,,,,,,11,,,,16,,,,28,,,,28,13.5,,,,,,14,,,14,,,,,,,,,,,,,,,,,,16,,,
Wrecking Ball,Miley Cyrus,,,,,,,,,24,,,,,,15,,,,6,,11,,,21,,,,,,,,,,7,,,,,,24,,,,,20,,20,,,,,,,,,,,,,,,19,17,,31,30,,,,,16,20,,,20,,,,6,,,24,,,,,17,,,,13.5,,15,14.5,,17,,,,,15.5,,13.5,,13,14.5,,14.5,,,,,14.5,13.5,,15,,16,13,,
You Gotta Be,Des'ree,,,,,,,,,,,,,,,,,,,,,,,,,,,,,,,,,,,,,,,,,,,,,,,,,,,,,,,,,,,,,,,,,,,,,,,,,,,,,,,,,,,,,,,,,,,,,,,,,,,,,,,,,,,,,,,,,,,,,,,,,
You Never Can Tell,Chuck Berry,,,,,,,,,,,,,,,,,,,,,,,,,,,,,,,,,,,,,,,,,,,,,,,,,,,,,,,,,,,,,,,,,,,,,,,,,,,,,,,,,,,,,,,,,,,,,,,,,,,,,,,,,,,,,,,,,,,,,,,,,
You Oughta Know,Alanis Morissette,,,,,,,,,,,,,,,,,,,,10,,,,,,,,,,,,,,,,,,,,,,,,,,,,,,,,,,,,,,,,,,,,,,,,,,,,,,,,,23,,,,,,,,,,,,,,,,,,,,,,,,,,,,,,,,,,,,,,,,,,,,
You're So Vain,Carly Simon,,,,,24,,17,7,25,,18,,13,,,,,,,,,,,,,,,,,8,,22,,,11,,15,,,,,,,,,,,18,,,,,,,,,6,,,,,,,,,,,,,,,,,,,,,8,,,18,,,3,24,,,,,,13.5,13,24,14.5,,11,14,14,,21,15.5,14,,,,14.5,,,,,,13.5,,13.5,,15,,,13,,
You're The One That I Want,"John Travolta, Olivia Newton-John",,,,,,,,,,,,,,,,,,,,,,,,,18,,,,,,,,,,,,,,,,,,,,7,,,,,,,,,,,,,,,,,,13,,,,,,,,,,,,,,,,,,26,26,,27,,,,,,,13.5,,23,14.5,21,,,,,,,14,,,13,,,,14.5,,,,14.5,13.5,,,,16,13,,
You've Got The Love,Florence + The Machine,27,,,,,,,,,22,,,,,,,,,,,17,,,,,,,,,27,25,,,,,,,,,,,,,,,,,,,,,,,,,,,,,,,,,,14,,,,,,,,,,,,,,,,17,,,,,,,,,,,,18,14.5,22,,,,14.5,,,,,,,14.5,15,,,,,,,,,15,,,,,
Zombie,The Cranberries,,4,,20,23,25,,22,,,23,20,15,14,10,19,14,26,,,,25,,,9,5,18,,20,,10,23,,,9,14,12,,12,,11,,,7,26,19,21,4,23,,,14,,10,,25,,6,11,16,,20,5,,3,15,26,19,4,3,21,18,,25,25,,,,,,2,,17,,19,,19,,,15,13.5,23,,,,,,14,14.5,15,15.5,14,,14.5,13,14.5,15,14.5,14.5,,14,,,13.5,14,,,16,,,15
Ça Plane Pour Moi,Plastic Bertrand,,,,,,,,,,,,,,,,,,14,,,,,,,,,,,,,,,,,,,,,,,,,,,,,,,,,,,,,,,,,,,,,,,,,,,,,,,16,,,,,,,,,,,,,,,,,,,,,,,,,,,,,,,,,,,,,,,,,,,,,,,,
